event_id,tc_name,year,PER_flag,RT_quartile,duration_days,P,MFC,storage,E,n_days
1,Karen,1960,0,Short,2,0.814822147999491,3.2667912732507878,-0.41578294908369245,-2.867752074334989,7
2,Mary,1960,1,Extreme,7,5.964491423996801,6.874964032881626,0.7908901089517851,-0.1195824999330396,12
3,(nameless),1960,0,Moderate,3,8.989427046181813,0.09633845009710251,1.830556986674533,10.723645582759245,8
4,Olive,1960,0,Long,4,4.174708700056066,-0.2599832701589037,0.052527609654647325,4.487219579869617,9
5,Polly,1960,0,Extreme,6,2.982697237600931,0.567028527086682,1.610102580702774,4.025771291217023,11
6,Shirley,1960,1,Extreme,8,5.682319867099761,-3.2199953614191688,-0.1369623232794843,8.765352905239446,13
7,(nameless),1960,0,Extreme,5,2.539688611632572,-0.8056777903124603,0.31305511706303424,3.6584215190080664,10
8,Trix,1960,1,Extreme,8,6.664527970059887,10.485089283714405,0.030052754010485735,-3.7905085596440324,13
9,(nameless),1960,0,Short,1,2.8816522447789303,0.27662082318215503,1.9883981744333035,4.593429596030079,6
10,Trix(-)1,1960,0,Long,3,9.268707785841645,9.639926816930373,0.5032414926659486,0.13202246157722064,8
11,(nameless),1960,0,Long,4,7.616359113767244,12.352277056593394,-1.644650395617868,-6.380568338444018,9
12,Agnes,1960,0,Moderate,2,5.869271210383908,6.375842790945284,-1.2316830329026067,-1.7382546134639827,7
13,Elaine,1960,0,Extreme,10,3.798093386082422,2.969318612345991,-0.8705673834556578,-0.041792609719226714,15
14,Carmen,1960,0,Extreme,4,5.176811854042542,-0.7920895431651253,-1.5358736410821432,4.433027756125524,9
15,Della,1960,0,Short,1,7.649093642379299,-1.9184063917916445,-1.130642156955743,8.436857877215202,6
16,Gloria,1960,0,Short,1,2.446499302841368,1.2944267199149477,0.2007697496846479,1.3528423326110683,6
17,(nameless),1960,0,Moderate,3,2.7367172374196125,1.142931896032397,-0.15613437585578302,1.4376509655314325,8
18,Irma,1960,0,Moderate,2,0.9057787670007273,1.9587176953453955,0.39639135737970294,-0.6565475709649653,7
19,(nameless),1960,0,Moderate,3,12.267603556872903,2.4848871053054387,1.7622318836555244,11.544948335222987,8
20,(nameless),1960,0,Extreme,6,3.150544353991457,-1.4651281337566429,-1.0332552988562895,3.58241718889181,11
21,Kit,1960,0,Extreme,4,4.386909605193086,4.471258669785552,1.6468419748699457,1.5624929102774796,9
22,Lola,1960,0,Moderate,3,3.7821107915098513,3.0064139502088123,0.17881234813009192,0.9545091894311309,8
23,Alice,1961,0,Extreme,4,5.601333800762555,3.349320841837366,-1.3222280288729,0.9297849300522891,9
24,(nameless),1961,0,Long,3,2.470319998309468,-9.040479962032798,-0.22470938501747995,11.286090575324785,8
25,(nameless),1961,0,Moderate,3,3.3646814312877114,10.750029246269694,0.6012734697436866,-6.784074345238296,8
26,Betty,1961,0,Long,3,3.538552631153374,6.247723669914826,1.9305574454838084,-0.7786135932776439,8
27,Betty(-)1,1961,0,Short,2,5.959957511481784,10.50250451344402,2.419575500935686,-2.1229715010265497,7
28,(nameless),1961,0,Extreme,6,1.6938406935461885,8.309135833495558,0.8976279471578282,-5.7176671927915415,11
29,(nameless),1961,0,Short,2,0.6429923103660121,-0.032896873734908585,-0.2769706151820692,0.39891856891885147,7
30,Cora,1961,0,Long,4,1.441110623415472,0.5114450109251872,1.6993515180830652,2.62901713057335,9
31,Doris(-)1,1961,0,Short,2,4.144800719069002,2.186008993714764,0.9276661395265485,2.886457864880786,7
32,Doris,1961,0,Moderate,2,4.7226988060833195,-1.467721103914822,-0.49242404155981917,5.697995868438322,7
33,Elsie,1961,0,Long,4,2.7328464053793504,-1.1453326223163383,-1.1216564659357904,2.7565225617598985,9
34,Flossie,1961,0,Moderate,3,2.704518115703613,-3.834776688144308,-0.9125735241556588,5.626721279692263,8
35,Grace,1961,0,Short,1,0.5978538386523723,4.7986977284119146,1.9202349882924254,-2.280608901467117,6
36,Grace,1961,0,Short,1,1.8032018784362238,2.323616790124006,-2.933858033532074,-3.454272945219856,6
37,Helen,1961,0,Short,1,0.20004665851593018,-14.118695998614896,2.2846103069943844,16.60335296412521,6
38,Helen,1961,0,Moderate,3,4.492864427413051,1.9502450076331546,-1.167335254250722,1.3752841655291743,8
39,June,1961,0,Moderate,3,1.4157582357697103,1.8244189700704758,-0.4187217042432844,-0.82738243854405,8
40,(nameless),1961,0,Short,1,2.721239246428013,3.300790616860486,-0.18483712393681362,-0.7643884943692867,6
41,(nameless)(-)1,1961,0,Short,2,2.520965680854341,0.25187739429384354,-0.20530854452187625,2.063779742038621,7
42,(nameless),1961,0,Short,2,0.4809024958631357,-2.99826946460396,-0.07022687216077302,3.408945088306323,7
43,(nameless),1961,0,Long,3,4.509191170235569,8.985503088425496,0.133926331013526,-4.342385587176401,8
44,Lorna,1961,0,Extreme,5,5.2797457040741556,3.85088730660537,0.5923772815586243,2.0212356790274097,10
45,(nameless),1961,0,Long,4,9.444507250751153,6.049307444729456,-0.22583191261637126,3.169367893405326,9
46,Olga,1961,0,Extreme,5,7.339927924654573,8.525171307692663,0.056189941682382116,-1.1290534413557078,10
47,Pamela,1961,0,Long,3,8.668286594255802,3.4086476786935886,-1.851673950379699,3.407964965182514,8
48,Ruby,1961,0,Moderate,3,6.945289861108806,-1.9517500609434264,-1.1163767776854634,7.78066314436677,8
49,Sally,1961,0,Moderate,3,5.0159802247491365,3.3799569282921933,-0.7053104098729174,0.9307128865840258,8
50,Tilda,1961,0,Long,3,6.531607683088733,-3.2725475548857896,-1.7151204045931678,8.089034833381355,8
51,Wilda,1961,0,Moderate,2,4.9606108719244935,1.698782960463005,0.575913321439279,3.837741232900768,7
52,Anita,1961,0,Short,2,8.458423080355988,-2.9762670900080006,-0.1640936946022528,11.270596475761737,7
53,(nameless),1962,0,Long,4,2.823423386663647,2.278999824370369,1.5598764055498318,2.10429996784311,9
54,Joan,1962,0,Short,1,0.5469934849415795,3.244743698708413,-1.392255114559454,-4.090005328326288,6
55,Joan,1962,0,Short,1,0.9244490553567438,2.452419875361732,-2.1165437128987348,-3.644514532903723,6
56,Joan,1962,0,Short,1,0.896587432914482,6.344583817142016,-1.911005857764959,-7.359002241992493,6
57,(nameless),1962,0,Long,3,1.3931785374018497,2.830295738013083,1.3524098929635404,-0.08470730764769296,8
58,Kate,1962,0,Extreme,6,3.3885093042500256,2.240903336306839,0.4810201674036101,1.6286261353467966,11
59,Nora,1962,0,Extreme,4,4.124433699145545,1.952470464566403,-0.29624896509146226,1.8757142694876796,9
60,(nameless),1962,0,Short,1,0.9898548013905258,0.614431126717569,0.35610875830205657,0.7315324329750134,6
61,Opal,1962,0,Extreme,4,4.692924827697665,-0.05195640468931363,-0.8708933999836894,3.873987832403289,9
62,Opal,1962,0,Short,1,0.8880819416793323,11.548221370165145,-1.1826096287109564,-11.84274905719677,6
63,Patsy,1962,0,Long,4,3.5709745633465895,-0.4265377597644607,-1.4669507017940013,2.530561621317049,9
64,Sarah,1962,0,Moderate,2,0.9869942624324285,4.677694800478657,1.2243006265641938,-2.466399911482035,7
65,Wanda,1962,1,Extreme,7,5.7409158524515576,9.35267546211595,-0.09844406851301066,-3.7102036781774035,12
66,Amy,1962,0,Extreme,5,6.484283417833839,3.363781405001847,-0.8536485993897469,2.266853413442245,10
67,Babs,1962,0,Moderate,3,3.407652781100817,-1.1615671011550435,-0.194830749081128,4.374389133174732,8
68,Carla,1962,0,Long,4,2.817347002347934,-3.35078636943158,0.1272898125081728,6.295423184287687,9
69,(nameless),1962,0,Moderate,2,7.135889588662964,-2.9137889330877025,0.5652787389853288,10.614957260735997,7
70,Dinah,1962,0,Moderate,2,3.5745511396122476,6.408967102886121,0.500655192243034,-2.333760771030839,7
71,Jean,1962,0,Extreme,6,1.696304586219579,-1.7257314815101514,-0.050668627321559176,3.3713674404081715,11
72,Rose,1963,0,Short,1,0.6366349102722274,5.106113866947164,-2.005321691087355,-6.474800647762292,6
73,Shirley,1963,0,Moderate,2,1.5681997627968787,1.5036190824404478,1.111286229835013,1.1758669101914438,7
74,Shirley,1963,0,Short,2,0.7265319056389876,5.998317107064325,-0.584447146863998,-5.8562323482893355,7
75,Trix,1963,0,Long,3,3.7571199610634314,-2.0871330825764436,0.9703117024741535,6.814564746114028,8
76,Wendy,1963,0,Long,4,5.916571009268624,-1.4875320670920258,0.10813155343854065,7.512234629799191,9
77,Wendy(-)1,1963,0,Short,2,5.774745134648069,-6.903305364446573,0.0762196747499118,12.754270173844553,7
78,Wendy(-)2,1963,0,Short,2,6.175700167289122,-6.727793154479138,0.8147823150849909,13.71827563685325,7
79,Agnes,1963,0,Extreme,5,4.698849056266171,2.317852358372882,-0.84249206167837,1.5385046362149195,10
80,(nameless),1963,0,Extreme,5,4.06956899151748,-7.0157045724053635,-0.24671505108330027,10.838558512839544,10
81,Carmen,1963,0,Long,4,4.160525415928536,-1.8051857446249027,-0.7853196251914198,5.180391535362019,9
82,(nameless),1963,0,Long,4,1.8352766511451637,-3.821087545277323,-0.11330619567934264,5.5430580007431445,9
83,(nameless),1963,0,Long,4,1.4735960585198014,-4.226235778489319,-0.2306050204654159,5.469226816543705,9
84,(nameless),1963,0,Moderate,2,1.494368667602539,-7.674681779013808,-0.29031636017199675,8.87873408644435,7
85,Faye,1963,0,Extreme,5,6.573918110298278,5.461341396945399,1.2842386220805726,2.3968153354334514,10
86,Gloria,1963,1,Extreme,6,6.628136497284651,2.691793674631756,0.47347513349202885,4.4098179561449244,11
87,(nameless),1963,0,Short,1,0.7628274016639813,-3.3148491674739,0.6193721381247936,4.697048707262675,6
88,(nameless),1963,0,Long,3,4.736833802126732,-3.2189582725637695,-0.10092203903050923,7.854870035659992,8
89,Viola,1964,1,Extreme,8,4.424659499909444,0.5022978639980348,0.6411429429241089,4.563504578835518,13
90,Winnie,1964,0,Long,3,5.292602255065078,10.419267031013447,-0.04922637042464828,-5.175891146373018,8
91,Betty,1964,0,Long,3,0.5776999574154615,1.565990711675168,-0.41203004416265127,-1.4003207984223576,8
92,Flossie,1964,0,Extreme,6,3.1729615404262304,2.2087258557668914,1.3086992320737596,2.2729349167330986,11
93,Helen,1964,0,Extreme,4,2.2318390236620083,0.42375873344273607,-0.9993277106951933,0.8087525795240788,9
94,Ida,1964,0,Long,3,6.2626818594418845,6.92969259184787,0.3113031523370502,-0.3557075800689349,8
95,June,1964,0,Extreme,6,3.28858696542261,0.9254489022506346,0.14833044116878982,2.5114685043407654,11
96,Olga,1964,0,Long,4,5.152955089525357,4.002933857866073,-1.2868536557098622,-0.13683242405057783,9
97,Ruby,1964,0,Moderate,3,4.403394004036679,-0.859192233288251,0.029475449722529135,5.292061687047459,8
98,Sally,1964,0,Long,3,3.494753257245043,-1.133162619984179,-0.365276151054801,4.262639726174421,8
99,Tilda,1964,0,Extreme,10,2.711374582466958,6.222823897430976,-0.06714405025519017,-3.578593365219208,15
100,Violet,1964,0,Long,3,4.347018526499174,8.201066625697703,0.46009499550476934,-3.3939531036937587,8
101,(nameless),1964,0,Short,1,4.16064214706421,5.299565680566211,0.6671314121679499,-0.471792121334051,6
102,Anita,1964,0,Moderate,2,1.8369403524893004,6.2437989215330445,1.0954700213733837,-3.3113885476703606,7
103,Billie,1964,0,Moderate,2,2.365863364543358,3.464824736163643,-0.4996619029377115,-1.5986232745579962,7
104,Clara,1964,0,Moderate,3,9.142510472038747,3.628082312239269,0.4148632567270081,5.929291416526486,8
105,Dot,1964,0,Extreme,5,4.555796312387505,3.0315537752271857,0.9892209578720133,2.5134634950323327,10
106,Georgia,1964,0,Moderate,3,6.403754218468477,-0.7277421792471457,-0.2620172920598609,6.869479105655762,8
107,Iris,1964,0,Moderate,2,2.211750679201894,-2.899976985883155,1.2669638671263521,6.3786915322114,7
108,Carla,1965,0,Short,1,4.461658986416756,4.157362552059254,-0.00856915051688123,0.29572728384062064,6
109,Babe,1965,0,Extreme,6,1.8390707761690706,-0.20430429260934047,1.2255086097984957,3.268883678576907,11
110,(nameless),1965,0,Long,4,3.016762083728967,8.831749889559411,0.6095752943337688,-5.205412511496676,9
111,Dinah,1965,0,Moderate,2,2.742605797367964,3.044940587915008,-0.7810003936419804,-1.0833351841890249,7
112,(nameless),1965,0,Short,2,1.2509275696088054,-13.653879777496341,0.8959631326928488,15.800770479797995,7
113,(nameless),1965,0,Long,3,12.763120895804649,-0.9678106676758285,-0.22970637733372534,13.501225186146753,8
114,Freda,1965,0,Moderate,3,3.826311504687093,-0.9548851555623108,0.1262541397044649,4.907450799953869,8
115,Gilda,1965,0,Short,1,8.7302230656147,-4.040950496097957,2.152077769396718,14.923251331109377,6
116,Gilda,1965,0,Extreme,4,2.9391839283550754,3.3171804102969835,0.8044859178793027,0.4264894359373945,9
117,Harriet,1965,0,Extreme,4,3.1005583571425346,2.790702712805593,0.8450968474321472,1.154952491769089,9
118,Harriet(-)1,1965,0,Short,1,10.732974647528971,9.060628591266314,2.1451243302191845,3.8174703864818422,6
119,Jean,1965,0,Moderate,3,8.613070166966153,10.676930825819639,-0.4880739859538223,-2.5519346448073077,8
120,Nadine,1965,0,Extreme,6,2.876536172379929,-3.1048457471239885,0.3276510954232575,6.3090330149271745,11
121,Mary,1965,1,Extreme,6,5.479787580849241,0.4430051335569675,-1.239879030907738,3.796903416384535,11
122,Polly,1965,0,Moderate,2,6.772857297780563,-0.8738202971496121,1.4351599186675046,9.08183751359768,7
123,Rose,1965,0,Long,4,2.9379703196539904,2.786945811453196,0.3942990678196396,0.545323576020434,9
124,Agnes,1965,0,Extreme,5,7.7328526401256426,2.9171049449184356,1.0176261423509199,5.833373837558128,10
125,Elaine,1965,0,Extreme,5,5.309462666833273,2.937486916076157,-0.18168921280194805,2.190286537955168,10
126,Judy,1966,0,Long,4,1.4381341771229188,8.169616885662144,3.2844897672571425,-3.446992941282083,9
127,Lola,1966,0,Moderate,3,4.859475005349112,-6.587927119675337,-0.130084171226299,11.31731795379815,8
128,Mamie,1966,0,Moderate,3,5.011764204077783,-7.417660259292206,-0.29325208012474785,12.13617238324524,8
129,Nina,1966,0,Short,2,0.5241490247850039,-6.914518462145042,0.6291705963798606,8.067838083309907,7
130,Ora,1966,0,Long,4,4.9904895001959515,2.6779938766023705,-0.0009127318177013828,2.3115828917758794,9
131,(nameless),1966,0,Short,2,1.436004373079101,-4.661417012635795,-1.662602125010708,4.434819260704187,7
132,Phyllis,1966,0,Long,4,1.91189949268952,-0.300801457596794,-0.5004719014876068,1.712229048798707,9
133,Susan,1966,0,Moderate,2,7.928916400867503,4.75545963737351,2.4838258699211337,5.657282633415127,7
134,Susan,1966,0,Moderate,3,8.117861816980385,3.9784890625182108,-0.8787315280786826,3.2606412263834916,8
135,Tess,1966,0,Extreme,6,5.347478419034747,3.1881431533419415,-0.5604836616665957,1.5988516040262097,11
136,Winnie,1966,0,Extreme,5,2.877482515142521,2.5990368744168135,-0.6759064934478145,-0.39746085272210685,10
137,Betty,1966,0,Moderate,2,0.18798829827989852,1.2316334757340108,0.2271822631473981,-0.8164629143067141,7
138,Betty,1966,0,Short,1,0.702784824229422,1.009311216252101,-5.155280824106834,-5.461807216129513,6
139,(nameless),1966,0,Short,2,6.078312538588958,-1.7681644091776576,-2.028405883309169,5.818071064457446,7
140,Alice,1966,0,Long,3,6.202465635128962,2.8000905142747485,0.47255545874565286,3.8749305795998663,8
141,Cora,1966,0,Extreme,5,6.936953679809372,3.249929230689939,-2.08681913804429,1.6002053110751433,10
142,Elsie,1966,0,Moderate,2,0.751938790242507,0.10125637371498719,1.271941963448721,1.9226243799762408,7
143,Elsie,1966,0,Extreme,4,0.4780149403287258,-2.1639570292893637,-3.4372255214354754,-0.7952535518173858,9
144,(nameless),1966,0,Short,1,1.4038774569829304,11.895920009406163,1.2130998727418065,-9.278942679681425,6
145,Violet,1967,0,Long,4,0.30054758654700386,-1.3232966506280606,-0.5451258780241862,1.0787183591508782,9
146,(nameless),1967,0,Moderate,2,1.2688063981179685,-8.895737404676803,1.3380448755099479,11.502588678304718,7
147,Anita,1967,0,Moderate,2,2.9814237782637085,-3.5990024269753866,0.04206136485945962,6.622487570098555,7
148,Billie,1967,0,Moderate,2,1.3309789058324453,-0.24654712250289074,1.048224922074803,2.625750950410139,7
149,Clara,1967,0,Moderate,3,1.9205717397104507,0.5169370804056028,-0.8476211147763344,0.5560135445285135,8
150,(nameless),1967,0,Short,1,0.46792509032704155,1.581110805219139,-2.1648135863190614,-3.2779993012111586,6
151,Dot,1967,0,Short,1,0.9360665981320367,-3.5673762907974456,1.6103931115792012,6.113836000508684,6
152,Dot,1967,0,Extreme,5,2.15272170584931,-0.21392927080930219,-0.020869399367851482,2.345781577290761,10
153,Fran,1967,0,Short,2,3.9964515135822265,6.493080106187174,-1.2645658449274215,-3.7611944375323687,7
154,Fran,1967,1,Extreme,6,4.495095473360849,1.339177112871398,0.6286679649259739,3.7845863254154253,11
155,(nameless),1967,0,Moderate,2,2.4355112557376666,2.658368364185002,1.1793901444095454,0.95653303596221,7
156,(nameless),1967,0,Long,3,1.9152005558274947,4.704850961919383,1.1219223419597242,-1.667728064132164,8
157,Iris,1967,0,Long,4,5.537550223651192,10.871047931159438,-0.8969703165295542,-6.2304680240378,9
158,Kate,1967,0,Long,4,7.495403402403754,-0.4157552505889181,-1.1336898622497327,6.77746879074294,9
159,(nameless),1967,0,Moderate,2,3.0298867520913553,4.170818871484996,-0.6931084664941316,-1.8340405858877722,7
160,Marge,1967,0,Short,2,5.337849804858622,6.020592966545097,0.08839505196816973,-0.5943481097183054,7
161,Nora,1967,0,Moderate,3,2.8893288602360547,-0.022777085748648784,1.2267713640453788,4.138877310030082,8
162,Nora(-)1,1967,0,Short,2,4.161893199543335,5.5039617017490485,0.41065091216429367,-0.9314175900414201,7
163,Patsy,1967,0,Extreme,5,3.69587242045547,5.210647967839634,-0.18565751848775003,-1.700433065871914,10
164,(nameless),1967,0,Short,1,0.4231989430197587,5.778275297268546,-3.210715818229586,-8.565792172478373,6
165,(nameless),1967,0,Long,4,4.258109469082384,3.324353281432586,-0.7552237739327856,0.17853241371701212,9
166,(nameless),1967,0,Short,1,1.5721131929385115,-1.6981288761217357,-0.31977498542401683,2.95046708363623,6
167,Carla,1967,0,Moderate,3,1.6917815148459432,-1.2169095417066622,0.4393878286491321,3.3480788852017374,8
168,Emma,1967,0,Short,1,0.33847678105036416,3.779828107781198,1.2392936837040525,-2.202057643026781,6
169,Emma,1967,0,Moderate,2,3.11992485039539,0.40041237407769176,1.9050176235336544,4.624530099851352,7
170,Gilda,1967,0,Moderate,2,2.9377661505863024,-0.18175314184070565,-0.8376012509641175,2.28191804146289,7
171,Gilda(-)1,1967,0,Short,2,3.4582515986858575,3.195406426589222,-1.0589681557822204,-0.7961229836855848,7
172,(nameless),1968,0,Moderate,2,1.4102079347722953,5.674064418868092,0.18206111138772343,-4.081795372708074,7
173,(nameless),1968,0,Short,2,2.872928457161815,4.425810781430415,1.186582256596067,-0.36630006767253276,7
174,Olive,1968,0,Moderate,2,2.788826771650047,5.5053145811401105,-0.12562048828977054,-2.8421082977798338,7
175,Olive,1968,0,Short,1,13.811805944140623,19.882560548206317,-1.8091131398962421,-7.8798677439619365,6
176,Nadine,1968,0,Extreme,4,2.2927003205111927,7.7113937545199285,0.24972328183420953,-5.168970152174526,9
177,Nadine(-)1,1968,0,Short,1,3.3334794751743773,9.878596143469197,1.9110591369154344,-4.634057531379386,6
178,(nameless),1968,0,Long,4,1.9131492341644847,10.082160935121188,0.9546721293814845,-7.214339571575219,9
179,Rose,1968,0,Long,3,4.64077682704686,9.916245848140376,-0.9481725460394911,-6.223641567133007,8
180,Polly,1968,0,Long,3,1.034466373213904,0.13634889137346595,0.08960840351902337,0.9877258853594613,8
181,Polly,1968,0,Moderate,3,5.390405761155433,10.098971743798334,0.5427900745191909,-4.16577590812371,8
182,Shirley,1968,0,Long,4,5.092109907819361,6.643507216789718,0.9042807630249966,-0.6471165459453608,9
183,Bess,1968,0,Extreme,13,2.7581017555107454,5.778898654779395,-0.49648504419990935,-3.517281943468559,18
184,Wendy,1968,0,Extreme,5,3.7603157330350867,6.903455428029599,-0.32138121810937914,-3.464520913103892,10
185,Wendy(-)1,1968,0,Short,1,1.0952447343688958,-2.650998154635674,-0.7271617067411231,3.019081182263447,6
186,Elaine,1968,0,Long,4,3.035703857632752,5.644895523451851,0.20409988088631031,-2.405091784932788,9
187,Tess,1969,0,Moderate,2,1.2654295180152724,1.9758486485346844,-0.7732691642457631,-1.4836882947651753,7
188,(nameless),1969,0,Long,4,3.0599335367308695,4.805577057432582,0.7293970792748868,-1.0162464414268255,9
189,Viola,1969,0,Extreme,5,6.4073793113162365,6.507222100940315,0.14092368420085588,0.041080894576777105,10
190,Winnie,1969,0,Short,1,0.5034575734819685,3.1787486793731703,0.8175493152743956,-1.857741790616806,6
191,Betty,1969,0,Extreme,5,4.880471285446977,2.8388359009595807,-0.9211206499754607,1.1205147345119357,10
192,Doris,1969,0,Long,4,3.7824235014183807,1.5801232911025664,0.2911201173629284,2.4934203276787428,9
193,(nameless),1969,0,Extreme,4,2.3577835409997157,6.959698869826686,0.9865293900665765,-3.6153859387603937,9
194,(nameless),1969,0,Long,3,5.212286932202658,-0.932852400135324,1.0232482729175096,7.168387605255491,8
195,Elsie,1969,0,Extreme,5,4.883227862338921,-3.836236969593404,-2.7085502817915996,6.010914550140725,10
196,Flossie,1969,0,Long,3,0.3436282396316528,-6.301739844318721,-1.9043625389217336,4.74100554502864,8
197,(nameless),1969,0,Short,1,3.801964203516642,4.839492132500394,-0.2009478205175812,-1.2384757495013328,6
198,(nameless),1970,0,Long,3,2.1519734834968034,-0.5180890439150794,-2.0641414920446715,0.6059210353672113,8
199,(nameless),1970,0,Moderate,2,1.6630455891547908,0.7667693779783139,1.6492614253198261,2.545537636496303,7
200,(nameless),1970,0,Moderate,2,1.0466243019843013,-2.1997606339436357,-2.0090272310596107,1.2373577048683262,7
201,(nameless),1970,0,Moderate,2,0.30356429029719617,4.030905024153813,4.464788176225286,0.7374474423686697,7
202,(nameless),1970,0,Extreme,5,3.0047335327019153,12.494913120294761,0.396786349714219,-9.093393237878626,10
203,Olga,1970,0,Short,1,0.7268327032074784,5.02158608540347,-4.877341189604092,-9.172094571800084,6
204,Ruby,1970,0,Long,3,3.001210238377576,2.024221558894629,-0.2030894479395838,0.7738992315433629,8
205,(nameless),1970,0,Extreme,5,4.983512308473394,2.4277460885586097,0.3799351917804965,2.9357014116952804,10
206,(nameless)(-)1,1970,0,Short,2,1.5661635222982189,1.398787192413206,2.140412513531919,2.3077888434169322,7
207,Violet,1970,0,Moderate,3,2.5994460256061567,5.001686524845368,-0.00288877339010322,-2.4051292726293148,8
208,(nameless),1970,0,Long,4,6.592375028931048,5.806521107352806,0.9053175901603474,1.69117151173859,9
209,Anita,1970,0,Short,2,3.176848809956472,-2.0200942300813947,-0.048777573917627846,5.148165466120239,7
210,Billie,1970,0,Long,4,1.5525528413575738,-0.5511416576604184,0.2430626527444884,2.3467571517624806,9
211,(nameless),1970,0,Extreme,6,5.3702504197451795,6.432961954873673,0.792380043723639,-0.2703314914048547,11
212,(nameless),1970,0,Moderate,3,4.257956154956312,10.208365251392772,0.21735148635787085,-5.733057610078589,8
213,Ellen,1970,0,Short,1,16.370253933800594,6.5744919702936295,3.8155268373454945,13.61128880085246,6
214,Fran,1970,0,Extreme,5,3.816811807800483,3.60267105120777,-0.7299074120170079,-0.515766655424295,10
215,Georgia,1970,0,Long,4,5.037487852381956,2.3964387343820874,0.16372911550036764,2.804778233500236,9
216,(nameless),1970,0,Short,1,8.52321949266782,8.18915443848891,1.2915660190960487,1.6256310732749597,6
217,(nameless),1970,0,Short,1,0.9323360376275969,0.1476543468084325,0.1683498272800268,0.9530315180991912,6
218,Iris,1970,0,Moderate,2,0.9980819391555527,4.2126492107405324,-1.2248211650867802,-4.43938843667176,7
219,Iris,1970,0,Long,4,1.7554835284982129,5.136044707678664,0.8105582559420986,-2.5700029232383526,9
220,Joan,1970,0,Extreme,4,9.81833547966444,7.435264859296235,-0.7385879381883578,1.644482682179848,9
221,Kate,1970,0,Moderate,2,0.40662930470040776,-4.255122680196405,-0.789023648923564,3.8727283359732487,7
222,Marge,1970,0,Moderate,3,4.003726477750012,0.15377651047611446,2.290406993796456,6.140356961070355,8
223,Patsy,1970,0,Short,2,5.375657184715379,-0.1536310438423715,2.0205055257923568,7.549793754350107,7
224,Wanda,1971,0,Long,4,2.7240249471130804,-2.588883993329156,-0.81402738568965,4.498881554752586,9
225,Babe,1971,0,Short,1,2.507572049186343,0.5984609506901735,-4.029838621367423,-2.1207275228712534,6
226,Dinah,1971,0,Long,4,5.442312157691538,6.155401503293219,0.9051926180566342,0.1921032724549535,9
227,(nameless),1971,0,Long,4,1.3644841736859386,1.0189210383727594,0.461167375991083,0.8067305113042622,9
228,Freda,1971,0,Long,4,4.133538844163756,0.4965266024601407,0.2283799761147505,3.8653922178183664,9
229,Gilda,1971,0,Long,4,3.72845551673738,2.301470622502288,-0.25111479673278836,1.1758700975023033,9
230,Harriet,1971,0,Long,3,2.309090124701783,2.4367924349229466,0.485960615374698,0.35825830515353435,8
231,Kim,1971,0,Long,3,5.256190482447881,9.444104216347037,0.03775659350656172,-4.1501571403925945,8
232,Jean,1971,0,Moderate,3,2.0458703245483933,3.9496822506857505,0.4323287999202699,-1.4714831262170873,8
233,Lucy(-)1,1971,0,Short,2,2.1111156556712154,0.6934088241339982,-0.34719565880403425,1.070511172733183,7
234,Lucy,1971,0,Long,3,4.394406992721099,7.844474608589058,-0.08834890987776471,-3.5384165257457236,8
235,Nadine,1971,0,Long,3,5.3760113681382755,-0.7573465917343245,-0.6801546735965894,5.453203286276011,8
236,Olive,1971,0,Short,1,1.0445820168967832,2.2794434293523556,-0.44758724491664914,-1.6824486573722215,6
237,Olive,1971,0,Short,1,0.6311683484486171,6.6082836767647395,-0.9581131956550966,-6.935228523971219,6
238,Polly,1971,0,Moderate,2,1.0033552218276447,-2.1976512412331375,1.3269458561695096,4.527952319230292,7
239,Polly,1971,0,Short,1,0.20550390084584555,3.728713737622483,0.6628314771369102,-2.860378359639727,6
240,(nameless),1971,0,Short,1,0.42742711563647057,0.05320053301945885,-0.4359925613741096,-0.061765978757097884,6
241,Rose,1971,0,Moderate,3,2.516827751415131,-7.9168986990598205,-1.4634803331255817,8.97024611734937,8
242,(nameless),1971,0,Moderate,3,1.781888301651599,-4.876593587932016,0.31368943108742425,6.972171320671039,8
243,Agnes,1971,0,Moderate,2,4.229316881959662,5.843680649342376,1.1602238136931688,-0.45413995368954585,7
244,Bess,1971,0,Extreme,5,4.909105319792344,1.6361792241252637,0.07142824742962328,3.344354343096704,10
245,Della,1971,0,Long,3,4.9678540248673375,5.842538599366672,-0.19411119843539382,-1.0687957729347284,8
246,(nameless),1971,0,Short,2,17.427942835929066,4.358419412291318,-0.5964677382867997,12.473055685350948,7
247,Elaine,1971,0,Long,3,8.760013212189662,3.3393556953518413,-1.7306094447814135,3.690048072056407,8
248,Hester,1971,0,Short,1,5.564719580607357,4.730397443296874,1.804254356827327,2.6385764941378103,6
249,Mamie,1972,0,Moderate,3,3.7237453749815677,1.757707140943929,0.017986571728598594,1.984024805766237,8
250,(nameless),1972,0,Long,4,1.0626806118114953,5.525505696242748,2.6459149689215105,-1.8169101155097422,9
251,Ora,1972,0,Moderate,3,2.796666562214437,0.555949816910343,0.582635673695723,2.823352418999817,8
252,(nameless),1972,0,Extreme,4,1.3341252403571202,0.6921001787505365,-0.09671075552445682,0.5453143060821268,9
253,Susan,1972,0,Extreme,10,1.6789562704754055,-0.9614657952195541,-0.0562917830739544,2.5841302826210053,15
254,Rita,1972,0,Short,1,0.737582055203644,0.35917897584701625,0.2130948706233804,0.5914979499800082,6
255,Rita,1972,0,Short,1,0.29261654218037925,-7.573560576125956,-0.9022495643959605,6.963927553910375,6
256,Rita,1972,0,Extreme,5,1.8461430828589438,0.5794843709457053,1.36476883868876,2.6314275506019986,10
257,Tess,1972,0,Short,2,4.869342564815078,4.129696344055408,0.47364430350376596,1.2132905242634355,7
258,Winnie,1972,0,Long,4,3.819543647400706,2.4518263442381496,0.7419665518424975,2.109683855005054,9
259,Betty,1972,0,Extreme,5,6.324179900181678,5.518282109141426,-0.018077590254955034,0.7878202007852968,10
260,Cora,1972,0,Extreme,6,2.1338303322407097,4.254489439955544,-0.9175849596330785,-3.038244067347913,11
261,Elsie,1972,0,Extreme,4,3.142400130922832,7.604797764371873,-0.535163697089632,-4.997561330538673,9
262,Flossie,1972,0,Extreme,5,1.187243782234664,1.331328114012012,0.4507349514556127,0.3066506196782648,10
263,Lorna,1972,0,Long,3,2.111537172308094,0.9429237464396758,-1.0286384797418677,0.13997494612655026,8
264,Pamela,1972,0,Long,3,4.68074648628303,0.00553752313201028,-0.5196122832006242,4.155596679950396,8
265,Therese,1972,0,Short,1,0.2600517630577088,-1.5524160728672551,-0.022206292529348026,1.790261543395616,6
266,Wilda,1973,0,Extreme,6,3.208483442935618,1.91098748861587,0.927057069612879,2.224553023932627,11
267,Anita,1973,0,Moderate,3,3.0201518273656713,7.513338511015892,0.5027812250704476,-3.990405458579773,8
268,Dot,1973,0,Extreme,6,3.571983491178175,4.287141634185216,-0.19117287457132115,-0.9063310175783627,11
269,Dot,1973,0,Short,1,8.384187093993397,2.778844298360785,-5.0116059099136,0.5937368857190126,6
270,Billie,1973,0,Extreme,5,3.018042032489012,4.251980634661718,-0.28090635277960985,-1.5148449549523164,10
271,Georgia,1973,0,Extreme,10,3.758462405871552,3.6565902099507963,0.6456850370447886,0.7475572329655444,15
272,Iris,1973,0,Short,1,1.177854378597211,-3.003291771778955,1.8523033674392249,6.033449517815391,6
273,Iris,1973,0,Moderate,2,1.599809738854573,5.710481108810287,1.1487990555943859,-2.961872314361328,7
274,Joan,1973,0,Long,4,7.618053850257509,16.650968815161836,0.3106178215772977,-8.72229714332703,9
275,Joan(-)1,1973,0,Moderate,2,2.729268293285768,1.3015512388522392,-1.1488691120330508,0.27884794240047794,7
276,Kate,1973,1,Extreme,6,8.636869134698205,16.341920298254163,-0.03152651022439715,-7.736577673780355,11
277,(nameless),1973,0,Long,3,2.539151127971282,3.6677919784168784,0.9535444557789846,-0.17509639466661187,8
278,(nameless),1973,0,Extreme,7,5.993082594873182,13.150173109024164,-0.6512912675598784,-7.808381781710861,12
279,Louise,1973,0,Extreme,5,3.0764644365598928,6.064975744834887,-0.6805918779540301,-3.669103186229024,10
280,Marge,1973,0,Moderate,3,3.119820764796799,4.231993326952081,-0.2545148372564636,-1.3666873994117452,8
281,(nameless),1973,0,Long,3,12.635412019684427,6.432962883205022,0.5932332889296615,6.795682425409066,8
282,Opal,1973,0,Moderate,2,3.397396629803801,-3.8496371121183737,-0.7995873304877229,6.447446411434452,7
283,Nora,1973,0,Moderate,2,4.007622739183304,4.150580092224884,1.5919242938262144,1.4489669407846344,7
284,Patsy,1973,0,Long,3,16.9537854190193,9.00241729270211,1.7739868602367164,9.725354986553906,8
285,Ruth,1973,0,Long,4,7.199706298025458,3.1627933803516193,-0.12217775892424346,3.9147351587495947,9
286,Vera,1973,0,Moderate,2,5.281077478905298,-2.9405119149230683,1.5966018929707093,9.818191286799076,7
287,(nameless),1974,0,Long,4,3.1454829569692215,3.3740406537346628,-0.9281083790435579,-1.156666075808999,9
288,Dinah,1974,0,Long,4,6.528247717726722,12.157021333139738,0.16351758645073033,-5.465256028962286,9
289,Gilda,1974,0,Moderate,2,0.4122414269824299,0.12135582453685487,1.6664371166567407,1.9573227191023157,7
290,Gilda,1974,0,Short,1,1.0947860214445326,3.090406289290939,0.5220592275180307,-1.4735610403283756,6
291,Jean,1974,0,Long,3,1.0525645563151902,3.2965124923591156,-0.032341890676788644,-2.276289826720714,8
292,Ivy,1974,0,Long,3,4.502768524895952,5.478560183500386,0.15494604585272675,-0.8208456127517074,8
293,Lucy,1974,0,Extreme,5,5.338245731691903,3.089293390572243,-0.09812998217365099,2.150822358946009,10
294,(nameless),1974,0,Extreme,5,3.2510329109371057,12.933865511116764,-0.4125538368187085,-10.095386436998368,10
295,Mary,1974,0,Long,4,6.609129259949319,4.684262939572108,0.554853488768847,2.479719809146059,9
296,Mary(-)1,1974,0,Short,2,7.812297831026626,7.222522705071148,-0.47596708283170913,0.1138080431237693,7
297,Mary(-)2,1974,0,Long,4,7.080820898866899,4.760661087903492,-2.3344368361916237,-0.014277025228216722,9
298,Rose,1974,0,Moderate,2,0.41278385382623445,5.93640480352136,-2.1741328384825684,-7.697753788177694,7
299,(nameless),1974,0,Extreme,5,2.120506607543996,1.7175950905358377,0.7739341031637947,1.1768456201719528,10
300,Polly,1974,0,Long,3,4.23338381882985,1.6302557377455906,-2.112453520461501,0.49067456062275827,8
301,Shirley,1974,0,Short,1,0.7037538779633384,4.969393228717133,-1.8683871582645173,-6.134026509018312,6
302,(nameless),1974,0,Extreme,5,3.1934174148920986,5.467907819974664,-1.133340778686792,-3.407831183769357,10
303,Wendy,1974,0,Long,4,1.3279732279289314,1.7912164125313537,1.624991016986429,1.1617478323840067,9
304,Bess,1974,0,Moderate,2,2.2458100007594366,0.2053133815883045,2.540054696012593,4.580551315183725,7
305,Carmen,1974,0,Long,4,9.825480653384844,6.863258895949536,-1.0277201599531698,1.934501597482138,9
306,Della,1974,0,Moderate,3,3.5662117548316132,-1.0313305856562298,0.12076493674572575,4.718307277233569,8
307,Elaine,1974,0,Moderate,3,3.4415067498021967,5.715152676573382,0.5401595092090474,-1.7334864175621378,8
308,Faye,1974,0,Moderate,2,4.043606907439435,-1.7671189089967316,-0.23839839444298008,5.572327421993187,7
309,Gloria,1974,0,Long,3,6.161405341352799,5.424658319089679,-0.6861795780888897,0.05056744417422987,8
310,Irma,1974,0,Long,4,1.8172374672921734,-1.6020708444180292,-1.0033881319351425,2.41592017977506,9
311,Lola,1975,0,Moderate,2,0.49144354291446785,-9.288113517923877,2.7666949419344515,12.546252002772796,7
312,(nameless),1975,0,Extreme,6,3.5475579088432103,10.389950079229296,-0.5944520850923153,-7.436844255478401,11
313,Mamie,1975,0,Short,1,0.31883056877421684,0.1276650027434613,-2.5460374887058554,-2.3548719226751,6
314,Nina,1975,0,Extreme,7,4.995619107381645,-0.31750916324522754,0.5535645516729005,5.866692822299774,12
315,(nameless),1975,0,Moderate,3,11.543588651215263,5.90290743986968,-2.1432489916803212,3.4974322196652614,8
316,(nameless),1975,0,Short,2,6.186432686003286,5.2560464319391835,-1.7454901029016086,-0.815103848837506,7
317,(nameless),1975,0,Extreme,7,5.765334868852321,13.515906360777327,-0.9200200103320604,-8.670591502257066,12
318,Ora,1975,1,Extreme,7,5.427333810826647,5.671369877525358,-0.0627522737681808,-0.30678834046689174,12
319,(nameless)(-)1,1975,0,Short,2,7.7284510413359895,14.654647603313895,-2.0479492594631266,-8.974145821441033,7
320,Rita,1975,0,Moderate,2,4.169740665714586,5.103841691149441,-1.6616572183124887,-2.595758243747344,7
321,Phyllis,1975,0,Short,1,0.23847999690491475,-7.710252880929073,-0.37283258024706,7.575900297586928,6
322,(nameless),1975,0,Long,4,3.517460891379243,9.335327080284326,-0.4158434677430363,-6.233709656648119,9
323,(nameless),1975,0,Extreme,5,4.619786990290967,6.301546397227083,-0.9504870465185964,-2.6322464534547128,10
324,(nameless),1975,0,Long,3,3.7486164914721716,1.5216360932161745,0.3779887401478265,2.6049691384038236,8
325,Alice,1975,0,Moderate,2,2.522728023818968,4.923544980306414,-0.6750306027421935,-3.07584755922964,7
326,Betty,1975,0,Long,3,3.3436000209411745,5.358068937957556,0.6375007091306598,-1.3769682078857222,8
327,Doris,1975,0,Extreme,5,4.7941688886736795,1.8007212654658589,-0.8816542789896467,2.111793344218174,10
328,Elsie,1975,0,Moderate,2,3.5860568852471837,5.865231010628706,-1.9010722154761495,-4.180246340857672,7
329,Flossie,1975,0,Moderate,2,2.2226562151150433,1.2068363446138282,2.007315205834181,3.023135076335396,7
330,Helen,1975,0,Short,1,0.5502414395843728,-3.4733535131651543,1.7774273009105013,5.801022253660029,6
331,Olga,1976,0,Short,1,0.2973961697684394,8.560935042090323,-0.5172027475582395,-8.780741619880121,6
332,(nameless),1976,0,Moderate,3,1.2349739236452586,0.9524712808865374,-0.013580022079738777,0.26892262067898237,8
333,Ruby,1976,0,Extreme,4,1.080048736280788,16.882078106408667,1.4934853197735631,-14.308544050354316,9
334,Violet,1976,0,Extreme,7,3.6752571085237684,4.161281697384468,0.7030138433140583,0.21698925445335848,12
335,Wilda,1976,0,Short,1,0.6204729865897786,-2.031046398604383,0.04146178847616344,2.6929811736703253,6
336,Anita,1976,0,Short,2,0.768257125642543,-0.2053564022126488,-1.336741991159382,-0.36312846330419024,7
337,Clara,1976,0,Extreme,5,4.030579869822619,6.5691219905554785,0.16968929905914987,-2.36885282167371,10
338,Billie,1976,0,Long,4,4.531186139619712,2.461620791836722,-0.5371140248855585,1.532451322897432,9
339,Billie(-)1,1976,0,Moderate,3,5.3723815991337345,3.4978289784762038,-0.6732419875559431,1.2013106331015875,8
340,Dot,1976,0,Long,3,1.3728711045771498,1.2659777188305457,0.31652359117632517,0.4234169769229293,8
341,Ellen,1976,0,Moderate,3,6.024932221836021,1.3207275984406355,0.5722207453534486,5.276425368748835,8
342,Iris,1976,0,Short,1,0.1936115026473999,10.387534173114469,-2.278396994655899,-12.472319665122967,6
343,Iris,1976,1,Extreme,15,5.91422923109987,6.767836332270082,-0.8347356636024617,-1.6883427647726736,20
344,Fran,1976,0,Short,1,1.1226869052106683,3.3456443387298584,0.6555110094105583,-1.567446424108632,6
345,Marge,1976,0,Short,1,0.3813727823170749,-7.754656514405863,-0.007880209361735613,8.128149087361201,6
346,Ruth,1977,0,Long,3,3.674886634716621,7.771411006064867,0.5496005564742568,-3.54692381487399,8
347,(nameless),1977,0,Moderate,3,2.862874489365738,-2.757158620259557,-0.3861364562617305,5.233896653363565,8
348,(nameless)(-)1,1977,0,Short,1,6.17652343793594,-0.8005593816567392,0.11733798101053416,7.0944208006032135,6
349,Sarah,1977,0,Long,4,3.5830691960246037,2.66044905194385,0.7955648718938646,1.7181850159746184,9
350,Thelma,1977,0,Long,4,2.329271010785414,6.117446154447531,0.48246643681879625,-3.305708706843321,9
351,Vera,1977,0,Extreme,5,3.1960787076177493,2.7750458298209386,-0.9548542687123458,-0.5338213909155352,10
352,Amy,1977,0,Extreme,4,4.017309625475945,-0.377225502751022,-2.2032109059526372,2.19132422227433,9
353,Amy(-)1,1977,0,Short,2,7.892956047587925,0.3056517266640842,-2.0417700895342756,5.545534231389564,7
354,Amy(-)2,1977,0,Short,2,2.755109230408715,2.1574969108434012,-3.198492578115084,-2.6008802585497706,7
355,Amy(-)3,1977,0,Short,1,6.486802477119227,-0.3679502187448906,-3.6789871167818617,3.175765579082255,6
356,Carla,1977,0,Moderate,2,2.94063973152523,13.745333232052735,2.029957787608641,-8.774735712918863,7
357,Carla,1977,0,Short,2,0.5207858859878226,19.023449113385052,0.6611203426118848,-17.841542884785344,7
358,Babe,1977,0,Moderate,2,4.950643823390037,0.17193501922082247,5.133204413862515,9.91191321803173,7
359,Dinah,1977,0,Moderate,2,0.5646671398936985,13.005217391343749,-0.05644062260332561,-12.496990874053376,7
360,Dinah,1977,0,Short,1,0.795186651746432,21.39006272499328,1.0653894268180872,-19.529486646428765,6
361,Dinah,1977,0,Short,1,0.21076470613479614,11.711277542384058,3.4381604065573264,-8.062352429691936,6
362,Dinah,1977,0,Moderate,3,4.8736464278681915,9.98365251715506,0.054801770586253795,-5.055204318700614,8
363,Freda,1977,0,Short,2,3.5058730711798693,7.976735466307941,2.462273998968609,-2.008588396159463,7
364,Olive,1978,0,Moderate,2,1.2608425598664803,4.03948628547997,0.7934706044778899,-1.9851731211355992,7
365,Polly,1978,0,Moderate,2,0.4720018281126922,2.987538615315638,0.7706865030558199,-1.7448502841471256,7
366,Rose,1978,0,Short,1,0.4912719941518955,-3.4170953013361776,-2.12296947740027,1.7853978180878034,6
367,(nameless),1978,0,Long,4,3.407566349488501,4.4221524193247,-1.2513031980704394,-2.2658892679066387,9
368,Shirley,1978,0,Short,1,0.22813307444254557,4.4615679521470115,-0.4933397522776506,-4.726774629982117,6
369,Shirley,1978,0,Short,1,0.33900498581487076,-2.8653584197403106,0.660173571115136,3.8645369766703173,6
370,Trix,1978,0,Long,4,2.2470397804356157,-0.951391526976868,0.3291332219631009,3.5275645293755846,9
371,Agnes,1978,1,Extreme,9,3.9004023114403523,3.613304215586259,0.3965493224718675,0.6836474183259609,14
372,Wendy,1978,0,Extreme,5,1.9660738323296876,5.020668910402206,0.9555972025804325,-2.0989978754920857,10
373,(nameless),1978,0,Short,1,1.6763989096400385,-1.694560974598809,-1.796724588814925,1.5742352954239225,6
374,Bess,1978,0,Extreme,4,4.359409740167517,17.994316250595176,-0.3066404714737066,-13.941546981901364,9
375,Bess,1978,0,Short,1,0.4071211236218611,19.509837796983486,-0.6358392669650623,-19.73855594032669,6
376,Della,1978,0,Moderate,2,2.1805059309963766,4.128421171341663,-0.3399137938952805,-2.2878290342405667,7
377,Carmen,1978,0,Extreme,5,2.283733376392648,3.5916888559801246,0.23558627371812335,-1.0723692058693532,10
378,(nameless),1978,0,Short,1,0.4730330619150156,3.6058180408813776,0.6216051733764401,-2.511179805589922,6
379,Elaine,1978,0,Long,3,4.981638947860203,9.170245110050812,0.02739700813514941,-4.16120915405546,8
380,Gloria,1978,0,Short,2,1.0623668895229617,2.194355837690979,0.5955229308095674,-0.53646601735845,7
381,(nameless),1978,0,Extreme,6,4.395923254087373,7.586965548856108,-0.25664000106130225,-3.4476822958300373,11
382,Irma,1978,0,Extreme,5,1.9474878055921068,2.176846205091792,-0.31647919057027885,-0.5458375900699639,10
383,(nameless),1978,0,Long,3,7.0909444699044535,14.595979297076251,-0.29681761593101424,-7.8018524431028125,8
384,Kit,1978,0,Long,4,11.045954384290773,16.499304237915634,0.6221823076275881,-4.831167545997273,9
385,Lola,1978,1,Extreme,6,5.521432267447673,5.135662290041134,0.14164886836939614,0.5274188457759348,11
386,Ora,1978,0,Short,1,0.2487169106801351,-11.037193906544957,-1.0414381164222783,10.244472700802813,6
387,Nina,1978,0,Moderate,3,5.850583895776069,5.392134448588392,1.1732302029383213,1.6316796501259982,8
388,(nameless),1979,0,Short,1,0.5723011856041257,9.156531159761073,-1.683514203514287,-10.267744177671235,6
389,(nameless),1979,0,Short,1,0.966118150588238,4.2143768004191475,1.7545500134586032,-1.4937086363723062,6
390,(nameless),1979,0,Long,4,0.49336297950496494,0.05513639761807822,0.724687964870523,1.1629145467574098,9
391,(nameless),1979,0,Extreme,7,3.797192362300043,8.57516385058268,0.6216911450704025,-4.156280343212234,12
392,Ellis,1979,0,Long,4,3.7646369097830026,4.31748239976812,-0.508302080285962,-1.0611475702710793,9
393,(nameless),1979,0,Short,2,0.3020066853080477,-5.49726375179305,0.38315544863874396,6.182425885739843,7
394,Gordon,1979,0,Long,3,4.220913488925047,10.75813451083463,0.9861165794033511,-5.551104442506232,8
395,Hope,1979,0,Long,3,5.347636788517614,11.319087789651148,-1.134236060517188,-7.1056870616507215,8
396,(nameless),1979,0,Extreme,8,5.735693361201227,12.255446156542568,0.40100122495122487,-6.118751570390117,13
397,(nameless),1979,0,Short,1,0.6659641096989314,0.5663562254545914,-0.5811026480899448,-0.48149476384560486,6
398,Irving,1979,0,Extreme,5,3.385030837759694,1.225925561654942,-0.7615097405105264,1.3975955355942253,10
399,Judy,1979,0,Long,4,2.859930301794844,2.2402995298484023,-1.6940961935020051,-1.0744654215555633,9
400,Nancy,1979,1,Extreme,7,10.194795964320912,11.689852577196419,0.8327588038327622,-0.6622978090427445,12
401,Mac,1979,0,Extreme,5,9.994141990372112,7.325252915565166,-1.8006007689023988,0.8682883059045476,10
402,Georgia,1980,0,Long,3,3.2094343738278996,-1.2001422470274268,-0.423394065772138,3.9861825550831886,8
403,Forrest,1980,0,Short,1,18.145368289731884,-3.2102221607221986,-3.2177466792799008,18.137843771174182,6
404,Herbert,1980,0,Extreme,5,4.3693655919766945,2.247277399648403,-0.2398342852247355,1.8822539071035562,10
405,(nameless),1980,0,Short,1,0.37670056025187176,-10.28395857761436,2.674771012869887,13.33543015073612,6
406,Ida,1980,0,Extreme,4,3.490881849579303,4.3197082748008215,-0.8479296529002346,-1.6767560781217532,9
407,(nameless),1980,0,Short,1,3.514547215567695,1.9167733381302423,2.036526443036953,3.6343003204744058,6
408,(nameless),1980,0,Moderate,3,6.900779664277001,8.019290707830995,0.5704479966213132,-0.5480630469326808,8
409,Joe,1980,0,Long,3,7.4340997311324255,7.814886020991226,-0.801455804995903,-1.1822420948547037,8
410,Kim,1980,0,Moderate,2,1.8181421457786386,-4.225558311502488,1.2052226973488296,7.248923154629956,7
411,(nameless),1980,0,Long,4,3.0618612910281655,7.0329996317900445,0.6690831495086991,-3.3020551912531797,9
412,Norris,1980,0,Long,3,3.7044157328175165,1.75914422633958,-1.0313437793146363,0.9139277271633002,8
413,(nameless),1980,0,Long,4,3.359471354057012,10.602368222476056,0.2247201618578641,-7.018176706561179,9
414,(nameless),1980,0,Short,2,5.9848033383984385,3.0950661249774276,0.5214548239198493,3.41119203734086,7
415,Ruth,1980,0,Long,3,13.733554607018444,5.483490575172101,0.1468339096718528,8.396897941518196,8
416,Ruth,1980,0,Long,4,3.5381314517820215,2.6088938938662567,0.3078498755233185,1.2370874334390833,9
417,Orchid,1980,0,Short,2,9.411052208098154,11.86377077016513,0.35651058983725187,-2.096207972229725,7
418,Percy,1980,0,Moderate,2,2.2580763212121804,6.2792845985288555,1.309542862320491,-2.711665414996184,7
419,Wynne,1980,0,Short,1,5.329796188657389,-8.794907721817399,-4.528631088677816,9.596072821796973,6
420,Ike,1981,0,Extreme,8,2.0464340573331965,3.8447196060467275,0.2736688590534167,-1.5246166896601143,13
421,June,1981,0,Moderate,3,1.2676447972859424,3.7071507306490736,0.31099864060189236,-2.1285072927612387,8
422,Kelly,1981,0,Long,4,8.014530557247605,9.587766058911571,0.04483878957411288,-1.528396712089853,9
423,Lynn,1981,0,Long,4,4.508866783345247,-2.009589187020369,0.2091765332252571,6.727632503590873,9
424,Maury,1981,1,Extreme,7,6.189164239803784,6.485160748027169,0.40852311236778044,0.11252660414439558,12
425,(nameless),1981,0,Extreme,8,3.010061902471813,1.895674027560785,0.06904997368654361,1.1834378485975716,13
426,Ogden,1981,0,Short,2,0.5662645768096476,-3.927051613283726,-3.409112026241664,1.0842041638517101,7
427,Roy,1981,0,Short,1,0.32997287644280326,7.012397746726983,0.6851794841440979,-5.997245386140082,6
428,Roy,1981,0,Moderate,2,0.8663987702299399,-7.118235235029624,1.3422467363022648,9.326880741561828,7
429,Roy,1981,0,Long,3,1.7530828365007367,5.874889296441438,0.18146492846887577,-3.940341531471826,8
430,Phyllis,1981,0,Short,1,1.4872417322024774,8.866862935309147,3.635125679648014,-3.7444955234586557,6
431,Warren,1981,0,Extreme,5,1.7610546370929687,3.5771541078934463,0.6037635192448034,-1.2123359515556742,10
432,Agnes,1981,0,Extreme,5,1.9864588423175669,1.9611722598368508,-1.7945503067783708,-1.7692637242976548,10
433,Clara,1981,0,Moderate,2,9.198962155397243,9.32203054677322,1.8571056093213414,1.7340372179453645,7
434,(nameless),1981,0,Short,2,11.474798095864088,10.323606970096987,-1.8508529513923513,-0.6996618256252507,7
435,(nameless),1981,0,Long,5,4.897459185740753,6.287827597144519,-2.2847073788705554,-3.675075790274321,10
436,Hazen,1981,0,Short,2,2.356416617484111,0.3376061811212089,-0.9446511083503566,1.0741593280125454,7
437,Irma,1981,0,Short,1,0.1754249930381775,-6.195716009193444,-5.357115115963497,1.0140258862681248,6
438,Lee,1981,0,Short,1,1.7630682954469759,0.12619020020826657,-1.6417317272795457,-0.004853632040836553,6
439,Tess,1982,0,Extreme,8,3.2635247513216097,6.665392198194086,0.6528903590023027,-2.7489770878701734,13
440,Val,1982,0,Short,1,3.041419794855192,4.472933648213797,0.1138493182060607,-1.3176645351525438,6
441,Winona,1982,0,Moderate,3,2.0427935838307203,-2.3999936719280806,-0.2042421860778146,4.2385450696809865,8
442,Andy,1982,0,Moderate,2,8.69791055129149,12.841514937345535,4.134117414705024,-0.009486971349021545,7
443,Andy(-)1,1982,0,Extreme,4,3.8632061113198577,6.103932511550222,1.2050515057248654,-1.035674894505499,9
444,Cecil,1982,0,Extreme,8,1.261853335348055,0.8766701198267098,-0.38740875328676855,-0.002225537765423391,13
445,Dot,1982,0,Long,3,2.6198807298502387,9.592408252160418,0.4950408574270977,-6.477486664883081,8
446,Ellis,1982,0,Long,3,6.412607701420402,5.311549081537343,-2.2417035628161024,-1.1406449429330436,8
447,Faye,1982,0,Short,1,0.701439153064381,-3.9495634482087407,-0.8060378800070049,3.844964721266117,6
448,Faye,1982,0,Short,1,0.8518562355851816,2.8692481821994105,-0.6607216535862834,-2.678113600200512,6
449,Hope,1982,0,Moderate,3,8.270662095189095,16.80293269107335,-1.7136616261968463,-10.245932222081102,8
450,Irving,1982,0,Extreme,5,4.244748206036588,7.521572443439267,-0.44021330580639173,-3.71703754320907,10
451,Nancy,1982,0,Long,3,7.701727584702894,4.755026026743409,1.834338980458946,4.781040538418431,8
452,Sarah,1983,0,Short,2,1.3407843009693416,-1.0699791289818898,1.0141200255217755,3.4248834554730068,7
453,Tip,1983,0,Moderate,3,6.272035139097326,4.196174521230721,1.416623080375422,3.4924836982420278,8
454,Vera,1983,0,Long,3,4.362759515757054,0.8139303626134735,-1.2164245008467927,2.3324046522967876,8
455,Wayne,1983,0,Moderate,3,3.125559497683767,-3.3601764172284225,0.33692937853881055,6.822665293451,8
456,Carmen,1983,0,Moderate,2,0.6550695435095332,5.566879592098855,2.107727915960639,-2.804082132628683,7
457,Ellen,1983,0,Long,3,3.417934094448689,2.501031319201236,0.6057130770496162,1.5226158522970694,8
458,Forrest,1983,0,Moderate,2,2.6148320618322343,-9.43926780075706,-1.2546976659636904,10.799402196625604,7
459,Georgia,1983,0,Long,4,4.907187074375896,6.24825006398683,1.3437932251199598,0.00273023550902618,9
460,(nameless),1983,0,Moderate,2,9.97377164229796,13.208090755215986,-0.5790893310338149,-3.813408443951841,7
461,Herbert,1983,0,Moderate,2,4.964399663769469,3.735142026720554,-1.0861037216058285,0.14315391544308653,7
462,Joe,1983,0,Moderate,3,3.8975793665997847,3.4555303291700676,1.8545191329849853,2.2965681704147025,8
463,Lex,1983,0,Long,4,8.79762704416617,2.9141525386197618,0.5261698543690235,6.409644359915432,9
464,(nameless),1983,0,Short,1,0.7497610106612697,0.5788152781411119,-2.1237420867339534,-1.9527963542137956,6
465,Vernon,1984,0,Moderate,2,1.5839137082760095,2.159039936924334,0.6548226151720626,0.07969638652373812,7
466,Wynne,1984,0,Long,4,3.094470901664018,10.333994374436276,-0.5944206471852159,-7.833944119957475,9
467,Alex,1984,0,Short,1,2.0423908320914177,-1.3631710499701943,-0.4162713656332393,2.9892905164283725,6
468,Alex(-)1,1984,0,Moderate,3,1.6944803097455539,4.272521033205477,-0.4384938194966548,-3.0165345429565775,8
469,Betty,1984,0,Long,3,3.484216878668238,-6.303465450327298,-0.6744787299953554,9.113203599000181,8
470,Ed,1984,0,Extreme,5,1.3467683353008695,-1.129479450051375,0.46397117717033964,2.940218962522584,10
471,Freda,1984,0,Extreme,5,4.2014506771387365,2.554351055958822,-0.9013620591400016,0.7457375620399129,10
472,(nameless),1984,0,Moderate,3,4.192427572199198,8.73607950572851,0.05293748786056499,-4.490714445668747,8
473,(nameless),1984,0,Short,1,0.6984522519923514,4.202391274079492,1.1505226592184572,-2.3534163628686833,6
474,Gerald,1984,0,Extreme,7,2.342738396498231,4.819547716982733,0.07229724603858897,-2.404512074445913,12
475,Holly,1984,0,Moderate,2,5.417411416629439,-1.1869485079151547,1.698365952117065,8.302725876661658,7
476,(nameless),1984,0,Long,4,0.6569269202858461,0.8550635262079054,0.6365473809994749,0.43841077507741566,9
477,June,1984,0,Long,3,4.333183924971116,12.369802137245614,-1.5513124183548186,-9.587930630629316,8
478,Ike,1984,0,Long,3,5.235675029921276,-1.8715293966545883,0.9364616234287494,8.043666050004614,8
479,Lynn,1984,0,Long,4,2.62850433989735,-0.6715102876468882,0.6271605852595228,3.9271752128037614,9
480,Warren,1984,0,Short,1,0.21123890387706268,-2.42747682227512,-0.7994535154577811,1.8392622106944017,6
481,Agnes,1984,0,Short,1,1.0245047165352164,-3.6256023313284302,0.913008398010545,5.563115445874192,6
482,(nameless),1985,0,Extreme,7,1.9169803209000038,9.300130821294308,0.1844555139028799,-7.198694986491424,12
483,(nameless),1985,0,Moderate,2,1.3766737100391253,-4.6630836776388005,1.615597711831296,7.655355099509222,7
484,Hal,1985,1,Extreme,7,5.126484350606737,7.919904932384739,0.38628857241585807,-2.4071320093621438,12
485,(nameless),1985,0,Extreme,5,3.95106121295476,5.9226622950253365,-1.0100982194560748,-2.981699301526651,10
486,(nameless),1985,0,Moderate,2,3.0193916299874366,-7.9313641529307715,-0.6141304630712149,10.336625319846993,7
487,Jeff,1985,0,Extreme,6,2.757088958470412,6.448672537061754,0.3907709905170466,-3.300812588074296,11
488,(nameless),1985,0,Extreme,8,2.9692322476138746,4.377983479329315,0.40058178110354153,-1.0081694506118992,13
489,Kit,1985,0,Short,1,0.3005975733200709,1.1061643694572278,-0.11987242649994645,-0.9254392226371033,6
490,Kit,1985,0,Short,1,0.6039947149299439,-3.0016349779111575,-0.39645447060740757,3.209175222233694,6
491,Lee,1985,0,Extreme,4,3.934647883834577,3.9759062407198176,0.7163184755973278,0.6750601187120873,9
492,Mamie,1985,0,Extreme,7,4.568322138549309,3.4293943012781565,-0.015799499153298768,1.1231283381178538,12
493,(nameless),1985,1,Extreme,13,7.10872882351863,8.38887726340088,-0.48269709007636474,-1.762845529958615,18
494,Nelson,1985,0,Extreme,4,9.535423535936072,8.159427568423382,-1.235624986235026,0.14037098127766412,9
495,Pat,1985,0,Moderate,3,18.58423404809944,2.376093953984946,-3.905143422532714,12.30299667158178,8
496,Odessa,1985,0,Moderate,2,7.601497133630526,-0.19703479530833765,3.814318552723043,11.612850481661907,7
497,(nameless),1985,0,Long,4,1.7103218717367539,2.180360662815689,0.17016433417481075,-0.29987445690412423,9
498,Tess,1985,0,Extreme,5,4.926720700389525,1.955839237048672,0.31812638682464334,3.289007850165496,10
499,Val,1985,0,Short,1,4.064854573930509,6.12934843647324,1.7720031164844503,-0.29249074605828085,6
500,Winona,1985,0,Extreme,5,4.862740046838739,3.9419882072024066,-0.6052175512918123,0.3155342883445198,10
501,Andy,1985,0,Extreme,5,7.554260712503073,2.4450565704902156,-1.4699789841969917,3.639225157815865,10
502,Brendan,1985,0,Moderate,3,2.4082060330019255,-2.9472239497609487,1.8883175681634483,7.243747550926323,8
503,Brendan,1985,0,Short,2,0.9238218060939385,1.5108359938219726,2.0737642831314433,1.4867500954034092,7
504,Cecil,1985,0,Long,3,3.3078392006805775,-7.1674685916739485,-1.0975912233341691,9.377716569020357,8
505,Dot,1985,0,Moderate,3,3.411697080774874,2.669492494903832,-0.17931097939625337,0.5628936064747886,8
506,Mac,1986,1,Extreme,9,3.830644765458652,1.0006067072327098,0.33774651998311506,3.1677845782090572,14
507,Mac,1986,0,Moderate,2,0.3813452883845284,-1.3736193848640592,-1.2141267861295801,0.5408378871190076,7
508,Nancy,1986,0,Moderate,2,2.010434429655263,8.194254201806292,1.0309484192079559,-5.152871352943073,7
509,(nameless),1986,0,Moderate,4,3.6613668120349234,-0.038761748173488736,0.32413730874839936,4.024265868956811,9
510,Peggy,1986,0,Extreme,4,4.809502283904307,8.509088902373863,-0.5115845758197902,-4.211171194289346,9
511,(nameless),1986,0,Extreme,5,4.843902406137071,7.241614938068312,-0.6477007666472447,-3.0454132985784863,10
512,(nameless),1986,0,Short,2,0.7264702844596098,0.0020695599416525085,0.6784222266282136,1.402822951146171,7
513,(nameless),1986,0,Moderate,2,11.763030507264656,8.50559457241936,1.186446273105198,4.443882207950494,7
514,(nameless)(-)1,1986,0,Moderate,3,5.193010165909843,2.570106750774463,0.45466129683703116,3.0775647119724114,8
515,Wayne,1986,0,Extreme,4,2.419722319928519,2.560616552939283,0.14876821933088888,0.00787398632012501,9
516,Wayne,1986,0,Short,1,7.516104888682272,2.7271000170200246,0.10495902268283785,4.893963894345085,6
517,Wayne,1986,0,Moderate,2,1.2251244186398307,5.054404025655455,0.5955784178935296,-3.2337011891220953,7
518,Wayne,1986,0,Long,3,0.592997497982449,9.807991213801834,0.7472555856384643,-8.467738130180921,8
519,Wayne,1986,0,Long,3,3.801487080295735,6.000483011573184,-1.3823049499160607,-3.58130088119351,8
520,Vera,1986,0,Extreme,6,3.705150716956244,2.800476020429907,-0.012808940709172292,0.8918657558171648,11
521,Abby,1986,0,Moderate,2,2.5675457147792855,-7.258934750683929,-1.020316869931363,8.806163595531851,7
522,Dom,1986,0,Long,3,2.9909708969413287,-3.5583579994726766,0.1343629990196149,6.68369189543362,8
523,Ellen,1986,0,Short,1,0.5019853115081787,0.46592748929348043,0.9024289657767692,0.9384867879914676,6
524,Ellen,1986,0,Long,4,1.5139626523363392,1.3975457881009037,0.8452926876321877,0.9617095518676232,9
525,Georgia,1986,0,Moderate,2,3.962741743263135,5.60076948052919,1.5904950559770825,-0.04753268128897292,7
526,Herbert,1986,0,Short,2,3.066122749988057,-3.420875991715095,2.4855916365440707,8.972590378247222,7
527,Ida,1986,0,Moderate,2,6.724142742447414,1.4938407294173461,-2.3059808397004113,2.9243211733296564,7
528,Ruth,1987,0,Long,4,2.933854139470931,4.187143574491741,0.4475405001735006,-0.8057489348473095,9
529,(nameless),1987,0,Moderate,2,0.543622944370429,0.6090230580697032,2.732496196632056,2.6670960829327814,7
530,Thelma,1987,0,Moderate,2,0.9245960499398471,3.4217916302188565,1.7144983999122503,-0.7826971803667591,7
531,Thelma,1987,0,Short,2,4.3066050717470805,4.672274940765265,1.5656069931711265,1.1999371241529424,7
532,Vernon,1987,0,Moderate,3,2.4333345254690966,7.159103939454917,-1.0362776150975783,-5.7620470290834,8
533,Alex,1987,0,Extreme,5,2.2314507953800065,4.690046318944456,0.8699301520053417,-1.5886653715591081,10
534,Betty,1987,0,Long,4,3.705836575399322,7.736451571666174,1.0605720796312126,-2.9700429166356397,9
535,Cary,1987,0,Long,4,2.882955655079626,4.007267652447641,-0.3515186561265407,-1.475830653494556,9
536,Dinah,1987,0,Short,1,0.9654973070654603,-3.2697672728394434,-0.653508453315343,3.5817561265895606,6
537,Dinah,1987,0,Short,1,0.7735839010793951,-3.8915805804021875,-3.6901916814615374,0.974972800020045,6
538,(nameless),1987,0,Moderate,2,1.3008084605302526,3.3956331956441974,0.2258448340148199,-1.868979901099125,7
539,Gerald,1987,0,Moderate,3,6.087619085968125,2.122035740429963,0.3959654307036005,4.361548776241762,8
540,Lynn,1987,0,Long,4,0.6744618089371757,1.482054854428638,0.26456571450087146,-0.5430273309905909,9
541,Nina,1987,0,Moderate,3,3.1500719463729476,-8.480149628289247,-4.074528866376821,7.555692708285373,8
542,Susan,1988,0,Long,3,1.0516732643623496,0.011660199047166309,-4.803383848329372,-3.7633707830141887,8
543,(nameless),1988,0,Short,2,0.3079757187147728,-1.342929981827693,3.571743067724479,5.222648768266945,7
544,Vanessa,1988,0,Short,1,1.5049144592945034,-2.869369029091994,-1.7651329868540433,2.6091505015324543,6
545,(nameless),1988,0,Short,1,0.6438876224888695,0.039848404801244186,2.6582604915988632,3.2622997092864887,6
546,(nameless),1988,0,Short,1,0.5085037916134566,-0.02488272167449601,0.01231446542661363,0.5457009787145662,6
547,Warren,1988,0,Moderate,3,5.028954069906116,-7.303537749987248,0.9194256912959998,13.251917511189363,8
548,(nameless),1988,0,Long,4,2.6062529985653304,6.169942281658567,-0.3313127168538626,-3.8950019999470995,9
549,Bill,1988,0,Long,3,2.727237159155565,-2.9068975218053037,0.14169596824083067,5.7758306492016995,8
550,Kit,1988,0,Moderate,3,9.652345558439324,11.511944859845052,1.1411911059734698,-0.7184081954322583,8
551,Mamie,1988,0,Moderate,3,8.714763124758491,8.603842232331607,-2.0891482145951783,-1.9782273221682938,8
552,(nameless),1988,0,Extreme,5,4.111171152523942,2.3989235865456195,0.5089504306980723,2.2211979966763944,10
553,(nameless),1988,0,Short,1,0.8726056971970726,17.706843005678746,2.6855689393660045,-14.148668369115668,6
554,(nameless),1988,0,Short,2,4.896934277244976,-0.7610593423436443,-3.2507112638067595,2.4072823557818612,7
555,Pat,1988,0,Moderate,3,3.4238590609821298,-2.007313176574538,0.04054848640010533,5.471720723956773,8
556,Ruby,1988,0,Moderate,3,7.541905602228038,6.041563169360879,-0.22154511773277483,1.278797315134384,8
557,Skip,1988,0,Long,3,4.736945794769591,0.7538520803321376,2.2843673929741963,6.26746110741165,8
558,Brenda,1989,0,Long,3,7.595866881344652,5.409663088607005,1.8880558310166442,4.074259623754291,8
559,Cecil,1989,0,Long,4,3.7923358811272516,10.501184424278883,-0.7108213412037107,-7.419669884355342,9
560,Dot,1989,0,Extreme,4,3.8513675475720612,7.423478949576834,0.3815942063599321,-3.190517195644841,9
561,Ellis,1989,0,Short,1,0.20751384621352154,2.5509715455726933,0.9654361893732428,-1.378021509985929,6
562,(nameless),1989,0,Moderate,3,3.7836226563683537,0.7636000502526707,-1.1498922190076886,1.8701303871079944,8
563,Faye,1989,0,Moderate,2,2.0849345537660726,-2.406145309340102,-0.7224820600480399,3.7685978030581344,7
564,Gordon,1989,0,Moderate,3,4.425591671461481,4.705628340493045,1.2636805218435108,0.9836438528119464,8
565,Hope,1989,0,Extreme,6,3.336764730924239,5.417979826915508,0.9133197863259197,-1.1678953096653497,11
566,Irving,1989,0,Long,3,1.9886410682651756,4.3461208535774,0.08743419162642259,-2.2700455936858015,8
567,Judy,1989,0,Short,1,2.2723687742997707,-5.256960825988052,1.3103242892400315,8.839653889527852,6
568,(nameless),1989,0,Moderate,2,1.322955492302965,-1.0127533436558165,-1.8364866591212141,0.49922217683756753,7
569,Ken,1989,0,Extreme,5,3.302595861180502,-3.77089827411737,0.6455242834604542,7.719018418758327,10
570,Mac,1989,0,Short,1,0.20814335842927298,-4.20470721763505,-4.372176635776179,0.040673940288144195,6
571,(nameless),1989,0,Long,4,2.833863945306886,1.4874074167859774,-0.628867041527343,0.7175894869935657,9
572,(nameless),1989,0,Extreme,5,3.1829876457632382,3.7324433163756234,0.6421107383425846,0.09265506773019938,10
573,(nameless),1989,0,Short,1,5.638063983098761,8.161550890684829,0.43045379723820787,-2.09303311034786,6
574,Roger,1989,0,Long,3,2.878351654229161,4.83033110584377,-0.31558801786460755,-2.267567469479217,8
575,Sarah,1989,0,Short,2,8.956088845588448,8.222994870830624,0.5974022629312217,1.3304962376890466,7
576,Sarah(-)1,1989,0,Long,4,5.268959662366408,4.014298755337797,0.45772324544689624,1.712384152475507,9
577,Vera,1989,0,Long,3,5.368062046965111,2.0512507696235023,-1.5679770124832586,1.7488342648583501,8
578,Wayne,1989,0,Moderate,2,7.06542433921556,-0.08780952716998312,-0.7109454578327388,6.4422884085528045,7
579,Brian,1989,0,Extreme,5,5.577229188619236,3.9280516426117855,0.3025254279674976,1.9517029739749479,10
580,Angela,1989,0,Long,3,22.066902099826216,8.96956886451282,1.6741797092818558,14.771512944595251,8
581,Dan,1989,0,Moderate,3,7.32680805709693,5.211826561964236,-0.6678835905020879,1.4470979046306054,8
582,Elsie,1989,0,Short,2,8.593852011367769,-4.8837634728711965,2.1750967234712504,15.652712207710216,7
583,Marian,1990,0,Long,3,2.9689095985187337,0.4207491900998104,0.3966257878322921,2.9447861962512154,8
584,Marian,1990,0,Short,1,0.3801146348317464,-7.793619198848628,2.9696406127322263,11.1433744464126,6
585,(nameless),1990,1,Extreme,6,4.692930410386513,5.811720814356826,0.07060822052178908,-1.0481821834485239,11
586,Nathan,1990,0,Extreme,5,3.9447858745848388,7.1129120738620815,-0.2855330231776261,-3.453659222454869,10
587,(nameless),1990,0,Short,1,45.32398243589339,12.746760663445565,2.0316253674651,34.608847139912925,6
588,Ofelia,1990,0,Long,4,2.2340523775969547,4.4736579461422314,0.6382366456816853,-1.6013689228635914,9
589,Percy,1990,0,Moderate,3,4.02705605364279,7.644118800133314,0.1894765307607932,-3.427586215729731,8
590,Robyn,1990,0,Long,3,0.9788810475814254,5.956411893014051,1.5785213470764148,-3.399009498356211,8
591,Robyn,1990,0,Moderate,3,2.8981546716499804,5.3344523575423555,-0.08334905351743949,-2.5196467394098145,8
592,(nameless),1990,0,Long,4,1.6826521158427084,2.539078775305638,0.7197712049242762,-0.13665545453865335,9
593,Tasha,1990,0,Extreme,4,3.8314364696316665,11.912057323071899,1.0580952443848584,-7.022525609055373,9
594,Winona,1990,0,Short,2,2.573391063953494,7.3456744824459195,0.5893837455909854,-4.18289967290144,7
595,Yancy,1990,1,Extreme,6,9.968857529999264,6.9667610334433245,-0.24509827605504045,2.7569982205008987,11
596,Zola,1990,0,Short,1,7.325570901234944,17.38922008784601,-1.6254376089859512,-11.689086795597017,6
597,Becky,1990,0,Long,3,7.9255697118057,19.12563952669386,-0.4486321470219898,-11.648701961910149,8
598,Becky,1990,0,Short,1,0.45806796848773956,14.503921668023134,1.4437337472296115,-12.602119952305783,6
599,Abe,1990,0,Extreme,4,6.74093310178035,2.3832389884482432,-0.17423616033201025,4.183457953000096,9
600,Cecil,1990,0,Long,4,12.408461933166954,8.765273920900826,0.21672509013880056,3.8599131024049287,9
601,Dot,1990,0,Short,1,34.052766887973554,29.50009978309102,2.82551261947855,7.378179724361084,6
602,Dot(-)1,1990,0,Long,4,8.650938313094445,12.677756494629474,0.3745014390233966,-3.6523167425116325,9
603,Dot(-)2,1990,0,Moderate,3,10.821975121323211,14.452055420765422,-1.6670715300175616,-5.297151829459772,8
604,Ed,1990,0,Extreme,5,3.7141602455696505,5.713951650183435,-0.14203672347146146,-2.141828128085246,10
605,Gene,1990,0,Short,1,0.37025513913896346,-9.061528111506084,-0.07092774188136008,9.360855508763688,6
606,Ira,1990,0,Short,1,8.81610663731893,2.2752560456622075,1.8581539491794095,8.399004540836131,6
607,Lola,1990,0,Short,1,2.3301869763268366,6.4276414978019085,-0.08158903248711358,-4.1790435539621855,6
608,Mike,1990,0,Long,4,4.102800700432572,4.636067202478701,0.4335210423744686,-0.09974545967166076,9
609,Vanessa,1991,0,Short,1,0.36706109676096177,7.053786683387332,1.7187293862774355,-4.967996200348935,6
610,Yunya,1991,0,Short,2,1.1177148110838744,6.677562152619873,3.291803253458177,-2.268044088077822,7
611,Zeke,1991,0,Long,4,4.101057290822219,4.871858131970625,0.6162786838837236,-0.15452215726468277,9
612,Amy,1991,0,Moderate,3,3.8593433504016423,-0.692538440888355,0.07741032096974958,4.629292112259747,8
613,Brendan,1991,0,Long,3,6.643057450078784,2.8044309155634717,0.2799865894601652,4.118613123975477,8
614,Brendan(-)1,1991,0,Long,4,8.395049852348293,9.84316416866025,0.5514418444983998,-0.8966724718135567,9
615,Caitlin,1991,0,Short,1,6.259346783279661,7.760224938001749,-1.3845172030268191,-2.885395357748907,6
616,Fred,1991,0,Extreme,4,6.348677737733552,11.386518570860078,-0.061889007490601146,-5.099729840617127,9
617,Ellie,1991,0,Moderate,3,2.6778820090230226,-1.9546513301711934,-0.05768618436522802,4.574847154828988,8
618,Gladys,1991,0,Short,2,1.5139865513821966,-3.8789655586169554,1.947904472806119,7.340856582805271,7
619,Joel,1991,0,Extreme,5,6.059879155786584,9.003394220529382,-0.20898410702937298,-3.1524991717721704,10
620,Nat,1991,0,Moderate,2,0.19438241209302629,8.505628373699647,-1.3208335967163307,-9.632079558322951,7
621,Nat,1991,0,Extreme,4,0.7017121400108011,1.7448177284228459,1.5014200899933954,0.45831450158135056,9
622,Nat,1991,0,Long,3,2.831730331047816,3.4754712557489458,-0.7408071753449109,-1.3845481000460405,8
623,Mireille,1991,0,Short,1,0.8488886114878532,-10.5001656145685,-3.078834034780403,8.27022019127595,6
624,Wilda,1991,0,Short,1,0.3035798850415767,-3.3103228887133866,3.3735897837664597,6.987492557521422,6
625,Chuck,1992,0,Extreme,6,3.39846040288456,11.83981709045002,0.18190188609666633,-8.259454801468795,11
626,Eli,1992,0,Moderate,3,3.4067268540399525,-1.373830841674269,-0.5747446577681353,4.205813037946086,8
627,Faye,1992,0,Moderate,3,2.303854286018512,-7.003364643370652,1.5346671993721195,10.841886128761283,8
628,Gary,1992,0,Long,3,3.9841477828273115,2.988980562632682,-0.10492817771424907,0.8902390424803804,8
629,Irving,1992,0,Short,1,0.4195367457374694,-2.1089998201408684,-4.33938370552749,-1.8108471396491526,6
630,Mark,1992,0,Extreme,5,4.083450695106462,7.863453368379197,1.0629232933045993,-2.7170793799681356,10
631,Polly,1992,0,Long,3,8.96246272753389,9.999569381374922,-0.7830078941106903,-1.820114547951723,8
632,Polly(-)1,1992,0,Moderate,3,7.1139983687883,5.184257041687237,-1.22455637122077,0.7051849558802925,8
633,Omar,1992,0,Extreme,5,4.3095172111014275,6.628768152868126,0.16722144224083957,-2.152029499525859,10
634,(nameless),1992,0,Moderate,3,4.962573366233221,6.392477862456753,-0.8260222379615438,-2.255926734185075,8
635,Ted,1992,0,Extreme,4,5.028135764187779,-3.016217253936027,-1.866495051468968,6.177857966654837,9
636,Colleen,1992,0,Short,1,0.4049794879224566,0.8159811800486502,1.430062386359304,1.0190606942331104,6
637,Koryn,1993,0,Long,3,3.692722655366601,8.13104573114152,0.9868570839084043,-3.451465991866514,8
638,Lewis,1993,0,Long,3,2.4914212097457207,6.028511562078364,0.5484619955007553,-2.9886283568318883,8
639,Ofelia,1993,0,Short,1,4.141050866201296,4.7118097054267345,0.3334768474968248,-0.2372819917286133,6
640,Percy,1993,0,Short,2,4.964616167565836,-1.2681301218919123,-3.322322701778321,2.910423587679428,7
641,Robyn,1993,0,Short,2,2.0019265051690565,8.990548086418391,-0.7019358735978315,-7.690557454847166,7
642,Steve,1993,0,Short,1,0.3673137293921576,4.803542118748174,0.8870022351054834,-3.5492261542505332,6
643,Tasha,1993,0,Extreme,5,4.978490539662529,7.912133226767418,-1.3325035610439353,-4.266146248148825,10
644,Winona,1993,0,Long,3,3.2133555207706865,5.239802666157088,1.335861237713771,-0.6905859076726302,8
645,Yancy,1993,0,Short,1,0.20374099413553873,-1.4835118395652511,1.3594810048857306,3.046733838586521,6
646,Abe,1993,0,Long,3,4.693322744306396,3.7280531069236402,1.6036501418486573,2.5689197792314133,8
647,Becky,1993,0,Moderate,3,5.35259626361861,4.817734410489219,-0.7218562603708492,-0.18699440724145866,8
648,Dot,1993,1,Extreme,7,6.25144724755959,6.127529573430529,0.14835200742079985,0.27226968154986136,12
649,(nameless),1993,0,Moderate,2,0.7629104478492775,3.7311276713547583,3.2091718748531397,0.2409546513476588,7
650,Ira,1993,0,Moderate,3,5.113885355479045,3.475704151456024,3.243145805190165,4.8813270092131855,8
651,Russ,1994,1,Extreme,7,4.799311253379711,8.616088082398228,0.7997161184209066,-3.0170607105976104,12
652,Russ(-)1,1994,0,Moderate,3,6.592037127629765,9.158422720889076,-0.5599477984754658,-3.1263333917347773,8
653,Sharon,1994,0,Moderate,2,1.8493652186375642,-1.896615640340246,-0.6000336470927344,3.1459472118850758,7
654,(nameless),1994,0,Long,5,5.339338458089193,4.278831651578084,0.9218789759828105,1.9823857824939193,10
655,Tim,1994,0,Long,4,5.4675184565183175,5.2600474217693,-1.0487544454824271,-0.8412834107334093,9
656,Vanessa,1994,0,Short,1,9.514891510411971,9.402806899483023,0.6632924618946747,0.7753770728236224,6
657,(nameless),1994,0,Extreme,5,7.442847263389028,15.121497083720078,0.412316093466198,-7.266333726864851,10
658,Amy,1994,0,Extreme,6,5.541732513028152,18.19260724603803,-0.4958020163067592,-13.146676749316638,11
659,Brendan,1994,0,Short,1,0.9273742567708285,0.5846440875271618,-0.27629335973498836,0.06643680950867836,6
660,Brendan,1994,0,Short,1,0.4543293391863505,2.54864618914681,-2.574544517741197,-4.668861367701656,6
661,Caitlin,1994,0,Long,3,5.716297259670018,8.138390451229544,1.1186573430749807,-1.3034358484845452,8
662,Doug,1994,0,Extreme,4,2.915286226918239,2.950228258913847,-0.2732355629073006,-0.3081775949029086,9
663,Doug,1994,0,Short,1,0.738245278596878,11.289375575418495,0.9484197265306884,-9.602710570290927,6
664,Doug,1994,0,Short,2,2.419577455963755,3.656591724661019,1.3728833156207094,0.1358690469234456,7
665,Ellie,1994,0,Long,5,3.8430205874008423,0.7557747694010588,-1.5058925712513558,1.581353246748428,10
666,Fred,1994,0,Extreme,6,3.1297374590228277,-0.6325276098402703,0.17392540928230815,3.9361904781454062,11
667,Harry,1994,0,Long,4,4.365692706980238,0.7295108936446697,0.14849373925877885,3.784675552594347,9
668,Gladys,1994,0,Long,3,2.322021687928939,0.2486741185850898,-1.3282578263319422,0.7450897430119072,8
669,Joel,1994,0,Extreme,6,3.3496921908969863,6.937431047597946,0.5647940916498031,-3.0229447650511565,11
670,Luke,1994,0,Long,4,3.1224198258341023,6.61594170975739,-0.21039444289184012,-3.703916326815128,9
671,Seth,1994,0,Long,3,4.640927102295841,0.610903260853199,-0.6404017218123546,3.389622119630287,8
672,Seth,1994,0,Short,1,1.9761473682596078,3.4999440105585093,1.0389555236853307,-0.4848411186135708,6
673,Seth,1994,0,Short,1,2.3689887523651123,1.8242727912242271,-0.5124914951678405,0.032224465973044625,6
674,Axel,1994,0,Moderate,2,3.8925102132160787,2.4306239318466467,-2.326871914013654,-0.8649856326442218,7
675,Deanna,1995,0,Short,1,0.7678287029266357,2.407562519173799,3.4054539174040617,1.7657201011568984,6
676,Deanna,1995,0,Long,3,2.2566493197262223,3.1821390951078845,0.17488882926358743,-0.7506009461180748,8
677,Faye,1995,0,Short,1,1.24124520222346,5.088704012011926,0.10053349431954484,-3.746925315468921,6
678,Faye,1995,0,Short,2,0.5887173142468181,2.5342706969950095,1.4776431144798465,-0.4679102682683449,7
679,Gary,1995,0,Extreme,5,3.053348790983856,3.4190894086514674,0.8883580523849646,0.5226174347173531,10
680,Helen,1995,0,Long,4,4.031700007657167,2.647969604786681,-0.010868954116531373,1.3728614487539548,9
681,Irving,1995,0,Long,4,1.6883574433845725,-0.028726854339672543,-0.22002997123158202,1.497054326492663,9
682,Janis,1995,0,Extreme,5,2.241844661886813,2.487157303091174,-0.13184318526785033,-0.3771558264722117,10
683,Lois,1995,0,Extreme,5,9.234409752438221,14.094087366311054,0.6065026254307258,-4.253174988442107,10
684,Kent,1995,0,Moderate,3,5.430656452257519,-4.057486580542296,-0.9633837506401228,8.524759282159692,8
685,Nina,1995,0,Moderate,2,3.0412924326476722,-2.175467011198272,-0.23836820693321456,4.97839123691273,7
686,Ryan,1995,0,Extreme,5,0.6613158627264741,-0.38426613868291193,-0.8137558483458185,0.23182615306356746,10
687,Sibyl,1995,0,Moderate,3,7.957530827276663,5.068616573149454,-1.5537130292690151,1.3352012248581946,8
688,Ted,1995,1,Extreme,6,6.238473239543435,1.6607842135292428,0.05874569486740771,4.6364347208816,11
689,Zack,1995,0,Short,1,0.6891149933948073,-3.4472267585034877,-1.5475868397874724,2.588754912110822,6
690,Angela,1995,0,Moderate,3,4.200119397385321,-0.9064542889811618,0.5222637473179782,5.628837433684461,8
691,FRANKIE,1996,0,Long,4,4.560021352010697,12.34771062375074,0.04654524988208359,-7.741144021857958,9
692,GLORIA,1996,0,Moderate,3,3.8067373523628145,5.03605756265646,0.1449875802122591,-1.084332630081386,8
693,HERB,1996,0,Extreme,4,6.354427796991373,7.095472974152144,0.20375434647426768,-0.5372908306865034,9
694,LISA,1996,0,Long,5,8.231545421999396,4.16269200914983,-0.6986858890104348,3.370167523839131,10
695,(nameless),1996,0,Extreme,5,4.233346091362014,9.716165006543584,-0.038661628053040964,-5.521480543234611,10
696,NIKI,1996,0,Moderate,3,4.741557800548417,-4.373020943017243,-0.8242458371715659,8.290332906394095,8
697,SALLY,1996,0,Moderate,2,3.438047947580652,4.037761753543926,0.7220054041050034,0.12229159814172952,7
698,(nameless),1996,0,Long,3,14.578056432254847,19.322555225529065,2.0257337509359634,-2.7187650423382546,8
699,WILLIE,1996,1,Extreme,7,7.341625559385288,7.55408196327397,-1.165076649594517,-1.377533053483199,12
700,ZANE,1996,0,Short,1,1.4336062641370864,-0.6544793180245027,-5.435553461781186,-3.347467879619597,6
701,BETH,1996,0,Moderate,2,0.6134981148615833,3.48109164501442,-1.3565707806154728,-4.224164310768309,7
702,BETH,1996,0,Short,1,0.2452264428138733,0.16544428876006764,0.08293977352860082,0.16272192758240647,6
703,ABEL,1996,0,Short,1,0.24668874012099373,4.711522314781748,-0.7140250930972334,-5.1788586677579875,6
704,ABEL,1996,0,Short,1,1.4933120887069142,-1.590028429556823,1.2010305224275903,4.284371040691328,6
705,(nameless),1996,0,Short,1,12.78281524058603,8.219908934097488,-1.7180087159187822,2.8448975905697607,6
706,ERNIE,1996,0,Moderate,2,1.2781028172287452,6.928585906702603,-3.0285358869380867,-8.679018976411944,7
707,PEPER,1997,0,Short,1,3.528830398327459,0.9250339401781629,-0.26226991314400916,2.341526545005287,6
708,VICTOR,1997,0,Extreme,5,3.2515036570623588,5.094497479086778,1.0877525886955035,-0.7552412333289156,10
709,TINA,1997,0,Moderate,2,0.3716563295040812,7.145358027374111,-2.7389626520986496,-9.512664349968679,7
710,TINA,1997,0,Short,1,1.3686310238525516,6.689005083238789,-3.3131266958160976,-8.633500755202334,6
711,WINNIE,1997,0,Long,4,7.42450322305175,4.805586668506162,-0.044817955637083476,2.5740985989085043,9
712,WINNIE(-)1,1997,0,Moderate,3,7.857705565700606,3.914010930873248,0.1844834861211755,4.128178120948533,8
713,ZITA,1997,0,Long,4,4.955799919210738,8.215560632542443,0.7736632411293637,-2.486097472202342,9
714,CASS,1997,0,Moderate,2,0.8937899759452703,3.7809389519658927,-0.408794755735974,-3.2959437317565965,7
715,CASS,1997,0,Moderate,2,5.059231298582967,8.322525530771042,1.4620529332731032,-1.801241298914972,7
716,AMBER,1997,0,Moderate,3,3.787318672042658,5.65864709649234,1.1522294271852598,-0.719098997264422,8
717,FRITZ,1997,0,Extreme,4,11.683037775955844,18.32981172471548,0.906955716470606,-5.739818232289029,9
718,NICHOLE,1998,0,Long,4,1.5713305835311584,-0.8792009989241729,0.8754608967815157,3.325992479236847,9
719,(nameless),1998,0,Short,2,2.2845034737723213,2.3144005653366575,0.6333472702471354,0.6034501786827993,7
720,OTTO,1998,0,Short,2,4.193169606669694,0.6012496095883707,-0.2346001697499119,3.3573198273314118,7
721,PENNY,1998,0,Long,3,3.4530804290252597,-0.1570864458845712,-0.4378860431751228,3.172280831734708,8
722,(nameless),1998,0,Moderate,3,2.4300245382368857,-2.9271479299577647,0.44853249866669387,5.805704966861344,8
723,(nameless),1998,0,Long,4,2.8623937601375165,5.524996948570225,0.34412880460012324,-2.318474383832585,9
724,TODD,1998,0,Short,2,3.4763924557233135,-3.915889386190702,-0.06325037879701086,7.329031463117005,7
725,YANNI,1998,0,Long,3,2.6577045863815423,-4.703024070358807,-4.224568964041338,3.136159692699011,8
726,(nameless),1998,0,Long,3,7.07961892745272,2.2525315995883144,3.848733094927199,8.675820422791604,8
727,ZEB,1998,0,Moderate,2,1.008172348875603,-3.645062445533495,-4.048315249953895,0.6049195444552034,7
728,BABS,1998,0,Long,3,7.342434687532094,5.0056752269208475,-0.7090107524021606,1.627748708209086,8
729,ELVIS,1998,0,Short,1,1.8849884175290965,-1.021737956296434,1.4288316283380702,4.335558002163601,6
730,LEO,1999,0,Extreme,6,1.6288219012863905,3.679386478944822,-0.4852463343821505,-2.5358109120405823,11
731,MAGGIE,1999,0,Long,3,4.6792366636125475,9.12821892638787,-0.2017523471497101,-4.650734609925032,8
732,(nameless),1999,0,Extreme,4,2.7012890463292343,6.585934145310241,0.11839774317780234,-3.7662473558032046,9
733,NEIL,1999,0,Short,2,0.25936411297510537,-2.5914638456894203,1.7987252070869304,4.649553165751456,7
734,OLGA,1999,0,Long,3,1.906928055393384,3.344690288264702,1.7474743632732352,0.3097121304019175,8
735,RACHEL,1999,0,Moderate,3,1.7080429279282092,6.471826722545677,-0.24943785434804214,-5.0132216489655095,8
736,RACHEL,1999,0,Short,1,3.2720319014543677,5.783299734848029,0.11279125812694346,-2.398476575266718,6
737,PAUL,1999,0,Moderate,3,1.574115267407918,1.8918109953180249,1.786233205787352,1.468537477877245,8
738,SAM,1999,0,Extreme,5,3.7077151234885655,6.303579893927109,-0.09328430370985563,-2.6891490741483994,10
739,WENDY,1999,0,Long,4,2.8217252599340004,3.0136702370797703,1.0627723062046996,0.8708273290589297,9
740,YORK,1999,0,Long,4,5.365940786380422,9.022794486136116,-0.06715378174091516,-3.7240074814966087,9
741,ANN,1999,0,Extreme,5,1.837447180004887,-9.289905460127109,-2.5247200748056255,8.60263256532637,10
742,CAM,1999,0,Short,1,0.30782994503776234,-3.6451798073682773,-3.2377860286792,0.7152237237268393,6
743,CAM,1999,0,Moderate,3,1.9751366685496436,2.82297482617408,2.0711417966403505,1.223303639015914,8
744,DAN,1999,0,Moderate,2,4.451754189489997,7.9872632021123335,-0.9750460162022627,-4.510555028824599,7
745,EVE,1999,0,Moderate,3,9.662064690526922,1.0034258161254417,1.0183875228837966,9.677026397285278,8
746,(nameless),2000,0,Moderate,2,1.9618979808951427,-6.364551628177708,-1.4748326326618724,6.851616976410979,7
747,(nameless),2000,0,Moderate,3,5.698214200062307,3.94767017471004,1.1986169238327864,2.949160949185054,8
748,Kai-tak,2000,0,Moderate,2,1.7812203497986159,11.596856886896648,-0.6384312808183914,-10.454067817916423,7
749,Kai-tak,2000,0,Long,4,3.119360292846859,0.23922536816282175,1.05094458976588,3.9310795144499173,9
750,(nameless),2000,0,Extreme,6,4.494584959852774,4.798500876881004,0.20405582210649895,-0.09986009492173123,11
751,Bolaven,2000,0,Short,1,1.189581035213037,2.6524108809916815,-3.3187699969931534,-4.781599842771798,6
752,Jelawat,2000,0,Long,3,1.5229749229227383,6.052903714441794,0.5713045449773979,-3.9586242465416586,8
753,Kaemi,2000,0,Moderate,2,7.615964950971419,8.299072632048313,2.0956436140474737,1.4125359329705796,7
754,Bilis,2000,0,Extreme,5,4.921658494968533,8.318341145877984,1.382026234273174,-2.014656416636277,10
755,Prapiroon,2000,0,Long,4,3.3873527056964727,3.8934255671624083,-0.2800978932994345,-0.78617075476537,9
756,Maria,2000,0,Extreme,5,3.3354374377331113,5.774864586632072,0.21845422626820232,-2.220972922630758,10
757,Wukong,2000,0,Extreme,5,4.158929043400885,6.306305670050586,-0.8810337215426483,-3.0284103481923488,10
758,Saomai,2000,0,Long,3,5.380890077492535,-0.21929805021690463,-4.299418484985816,1.3007696427236235,8
759,Saomai,2000,0,Short,1,4.784803805610833,6.501645316700841,-0.6337027254461804,-2.3505442365361877,6
760,(nameless),2000,0,Short,2,3.0472355072116435,21.588005644086113,2.296389725980294,-16.244380410894177,7
761,Yagi,2000,0,Moderate,2,0.24008125492504664,-10.817804089571908,-3.5622150447736245,7.495670299723329,7
762,Xangsane,2000,0,Moderate,2,2.41316025770452,-2.3363892911748017,-1.2418223201986112,3.5077272286807104,7
763,Bebinca,2000,0,Moderate,2,0.8007931368070051,7.812506058937221,0.19026673961972093,-6.821446182510495,7
764,Cimaron,2001,0,Short,1,0.4262130928039551,3.544592406516711,-0.47027234053983236,-3.5886516542525886,6
765,Chebi,2001,0,Long,3,3.677031125030315,6.325709971339017,-0.38232744247914674,-3.031006288787849,8
766,Durian,2001,0,Long,4,8.134835227414424,15.083539961648253,0.08129486496952255,-6.867409869264306,9
767,Utor,2001,0,Long,3,8.911986437954676,10.982204176292653,-0.390588941555043,-2.46080667989302,8
768,Trami,2001,0,Short,2,2.764409346924389,9.380830863295872,0.8763771905529012,-5.740044325818582,7
769,Yutu,2001,0,Long,3,3.3739777538863676,1.9334387998791025,0.2393575377129681,1.6798964917202333,8
770,Toraji,2001,0,Extreme,5,3.9349678010221942,5.137358275605952,0.3732531791904994,-0.8291372953932585,10
771,(nameless),2001,0,Extreme,6,3.209252008206192,2.925724431145214,-0.8899804412333382,-0.6064528641723602,11
772,Usagi,2001,0,Moderate,3,1.6145043690247238,10.543138098432777,0.6623407404135898,-8.266292988994463,8
773,Fitow,2001,1,Extreme,17,7.639943267160907,8.671327849909396,-0.721793416706684,-1.7531779994551726,22
774,Nari,2001,0,Moderate,2,1.5836586179100638,-4.193542223535969,-3.728659633470138,2.0485412079758953,7
775,Nari,2001,0,Long,3,0.5666621533386847,-6.015468952210066,1.255982473658995,7.838113579207746,8
776,Nari,2001,0,Extreme,9,1.7134810407635896,0.4225325613269167,-0.09319823433494712,1.197750245101726,14
777,Lekima,2001,0,Extreme,6,3.719383806742272,-0.0018651435828924902,-0.7785904863018518,2.942658464023313,11
778,Haiyan,2001,0,Short,1,0.20896929715360912,-13.99441702654265,-2.8753467906852364,11.328039533011022,6
779,(nameless),2002,0,Moderate,2,0.35625332790416675,2.4192174513546525,0.9593305792959719,-1.103633544154514,7
780,Noguri,2002,0,Long,3,0.6382970186166985,2.373380126165822,0.6717623361590448,-1.0633207713900785,8
781,Rammasun,2002,0,Long,3,2.4648724823784667,-1.3461011898696833,-0.09608737152354863,3.7148863007246016,8
782,Rammasun,2002,0,Short,1,2.816414399230792,4.452563519029424,-0.11573703473535613,-1.7518861545339885,6
783,Nakri,2002,0,Extreme,5,3.5495486392127007,5.402570475823586,-0.2773450170518377,-2.1303668536627227,10
784,Fengshen,2002,0,Moderate,3,1.7813836011954198,0.3696029726789254,0.9609819733590387,2.3727626018755332,8
785,Kammuri,2002,0,Extreme,5,4.7363757844956975,10.369724682762403,-0.06906570443143067,-5.702414602698136,10
786,Vongfong,2002,0,Long,4,6.228313364582132,5.154789218017635,-0.842368111529062,0.23115603503543447,9
787,Rusa,2002,0,Short,1,0.22517077128092447,-12.67400381363363,2.843597802611303,15.742772387525857,6
788,Rusa,2002,0,Short,1,1.9153972173114182,-5.582387586599508,-2.797503030357909,4.700281773553018,6
789,Sinlaku,2002,0,Long,4,2.4922666864472722,1.0980811486077484,1.2072684663657982,2.601454004205322,9
790,Hagupit,2002,1,Extreme,7,5.926576380845635,7.728300004942766,1.0736303259452131,-0.7280932981519181,12
791,Mekkhala,2002,1,Extreme,6,4.781185998579821,3.72933161081627,0.2960595319805061,1.3479139197440573,11
792,Kujira,2003,0,Short,2,2.4611629845260024,0.7066888746486919,-2.3191332952255763,-0.5646591853482659,7
793,Nangka,2003,0,Short,1,0.28712255756060284,0.10871766281699131,4.2703405289038585,4.44874542364747,6
794,Soudelor,2003,0,Short,1,0.5403241438250388,4.317756363160504,0.5489556642107987,-3.228476555124666,6
795,Koni,2003,0,Long,3,11.458051261007787,13.549620274012705,2.4543152074967947,0.36274619449187684,8
796,Imbudo,2003,0,Moderate,3,7.20614575355658,5.312985273800122,-0.8388446126289537,1.054315867127504,8
797,Morakot,2003,0,Moderate,3,2.9199751293058176,5.248000902784732,0.800332617775093,-1.5276931557038211,8
798,Vamco,2003,0,Moderate,2,2.9193393654146518,2.7496265760133176,-2.224263453694925,-2.0545506642935907,7
799,(nameless),2003,0,Moderate,3,5.706338825367164,9.343519607342971,-1.700978035133464,-5.338158817109272,8
800,Krovanh,2003,0,Long,4,4.597937352788013,5.298583643172871,-1.0393686996765088,-1.740014990061367,9
801,Dujuan,2003,0,Moderate,3,2.708745764029729,9.241879750172941,0.45322042073229457,-6.079913565410918,8
802,Maemi,2003,0,Moderate,2,1.3899624398104231,1.2586443271552068,-0.5206446023719415,-0.38932648971672523,7
803,Maemi,2003,0,Short,1,0.2147133747736613,0.155897361722927,0.06420104456996834,0.12301705762070261,6
804,(nameless),2003,0,Short,1,0.21018534898757935,-9.228681163145042,2.805565874727492,12.244432386860113,6
805,(nameless),2003,0,Short,1,0.4935564840100502,1.5951491617076787,1.6758916668669794,0.5742989891693508,6
806,Melor,2003,0,Short,1,0.1838450531164805,0.387259720572293,0.9676513542292797,0.7642366867734672,6
807,Melor,2003,0,Short,1,0.1757397254308065,2.158071860165453,1.4942906811927745,-0.4880414535418722,6
808,Nepartak,2003,0,Long,4,3.4707187237476087,-0.0010506746296245792,-0.8945038632492245,2.5772655351280087,9
809,Conson,2004,0,Moderate,2,0.3595439119944497,-3.4780554433810673,-2.6165344370241916,1.2210649183513254,7
810,Chanthu,2004,0,Short,1,3.107481490606549,9.146973922560955,0.013993107378971636,-6.025499324575434,6
811,Mindulle,2004,0,Extreme,5,1.9544379421562865,4.67868780140311,0.28442920711162056,-2.439820652135203,10
812,Kompasu,2004,0,Moderate,2,0.825794877159464,-4.829983080360004,1.0795880300543708,6.735365987573839,7
813,(nameless),2004,0,Short,2,1.4361755756682082,3.9993411245152046,2.4669254096984723,-0.09624013914852414,7
814,Namthcun,2004,0,Short,1,0.5672861978528744,-3.6768648653726625,-1.263905529135454,2.9802455340900833,6
815,Rananim,2004,0,Extreme,4,4.553902266698274,3.087477710284628,-0.05288059433470441,1.4135439620789418,9
816,Megi,2004,0,Moderate,2,0.595000359515293,1.3010594930414368,0.1970756279400611,-0.5089835055860827,7
817,Aere,2004,0,Extreme,5,3.223732973996042,9.667494478100465,0.634916617160119,-5.808844886944304,10
818,Haima,2004,0,Extreme,7,1.9973618161617435,2.7688862130262337,0.015514670349427462,-0.7560097265150628,12
819,Meari,2004,0,Short,1,0.2868015572082165,-8.261040482803098,-2.5459466503722874,6.001895389639027,6
820,Nock-ten,2004,0,Short,2,1.321851045420592,-0.976137146021102,-0.5006605272948483,1.7973276641468459,7
821,Nanmadol,2004,0,Short,2,2.5867015074129136,-0.4495826626096977,-3.498938521890902,-0.4626543518682906,7
822,Haitang,2005,0,Long,4,4.833393542083983,7.585142846635561,0.7895572386894624,-1.9621920658621157,9
823,Washi,2005,0,Long,4,3.351563298061,3.06207688972623,0.3777169379995092,0.6672033463342792,9
824,Matsa,2005,0,Extreme,6,3.6215044082315804,5.8190816280385285,0.4063761258293855,-1.7912010939775627,11
825,Sanvu,2005,0,Long,4,4.560686984384854,4.716771439275821,-0.004488559474683232,-0.1605730143656498,9
826,Talim,2005,0,Long,4,6.854438854650654,4.017612280873246,-0.7723429607191515,2.0644836130582567,9
827,Khanun,2005,0,Long,4,4.218546213304868,1.3042827593192265,2.1920220709181932,5.106285524903834,9
828,Vicente,2005,0,Moderate,3,4.309493792807498,-0.4617276719185395,-0.5114416337291665,4.25977983099687,8
829,Damrey,2005,0,Extreme,5,4.775410138478652,4.873623866930567,0.1337855150846643,0.03557178663274918,10
830,Longwang,2005,0,Short,2,4.865670960159062,4.5339844008677925,-0.6250758917102118,-0.29338933241894216,7
831,Kai-tak,2005,0,Long,4,3.558830484994895,-4.662266652868625,0.5150063935259384,8.736103531389459,9
832,Tembin,2005,0,Short,1,0.480118951400121,5.042044356416915,-0.5507307288407821,-5.112656133857576,6
833,Chanchu,2006,0,Long,4,6.3379813254305475,5.339457604386336,2.474345245918813,3.4728689669630244,9
834,Jelawat,2006,0,Moderate,3,3.853011532744307,-4.037652076793876,0.5708054037725189,8.461469013310701,8
835,(nameless),2006,0,Moderate,3,2.864217269242033,4.93240810037056,0.6927324782310637,-1.3754583528974638,8
836,Ewiniar,2006,0,Short,1,0.2892842504203829,-0.6239622513912547,-0.8883061646038781,0.024940337207759455,6
837,Ewiniar,2006,0,Moderate,2,1.2745102048353927,0.8334062574494788,0.238550654131015,0.6796546015169289,7
838,Ewiniar,2006,0,Short,1,2.67263400554657,9.755483553027803,-3.8299827342541883,-10.912832281735422,6
839,Bilis,2006,0,Extreme,5,6.947168689730658,6.500109048735358,-0.7729474657730391,-0.32588782477773925,10
840,Kaemi,2006,0,Extreme,6,5.261085734936461,5.734044029956539,0.024252645057528985,-0.4487056499625498,11
841,Prapiroon,2006,0,Long,4,8.008918507030181,9.353265976820067,0.684327077589615,-0.6600203922002711,9
842,Bopha,2006,0,Long,4,1.748625384915235,1.6975647369017097,-0.6399191918772392,-0.5888585438637141,9
843,Saomai,2006,0,Long,3,3.7087191998844693,1.481933463052839,-0.1927985769192541,2.0339871599123764,8
844,Wukong,2006,0,Short,2,1.1972560302456319,-7.604892505988235,1.7831619379103625,10.58531047414423,7
845,(nameless),2006,0,Long,4,2.4928714923199338,4.130183452259562,1.0206553294921632,-0.616656630447465,9
846,(nameless),2006,0,Long,4,1.9903306062570207,7.536093033905415,-1.0172666564162327,-6.563029084064627,9
847,Shanshan,2006,0,Moderate,2,0.5014589768031549,-8.218706056967463,-6.843143712145654,1.877021321624964,7
848,Shanshan,2006,0,Short,1,0.17906041277779472,-0.43745687801334593,-1.714358014675058,-1.0978407238839174,6
849,(nameless),2006,0,Moderate,3,7.664034693370895,-1.2943210317478862,0.8510461531631126,9.809401878281895,8
850,Xangsane,2006,0,Moderate,2,8.803339747880827,5.411109677556802,2.400536333442428,5.792766403766453,7
851,Chebi,2006,0,Moderate,2,1.140644794162723,-5.90602195632929,0.8777829227918339,7.924449673283847,7
852,Utor,2006,0,Moderate,2,1.3742112097616892,-8.787117368942848,-2.785035616757161,7.376292961947376,7
853,Toraji,2007,0,Long,4,2.282406195559483,3.0765355668332863,-0.7443562279398839,-1.538485599213687,9
854,(nameless),2007,0,Extreme,4,9.747230707248507,10.040067107967696,1.866222906261172,1.5733865055419831,9
855,Pabuk,2007,0,Extreme,5,4.72171514375249,12.944416405876998,1.016102366015926,-7.206598896108583,10
856,Wutip,2007,0,Short,2,5.693073982006709,15.899142832411282,3.2798984714950903,-6.926170378909483,7
857,Sepat,2007,1,Extreme,8,4.703284247530082,4.566709885459178,0.4357754518438332,0.5723498139147367,13
858,Nari,2007,0,Moderate,2,10.72032512163187,9.764639885457479,5.403619755081216,6.359304991255607,7
859,Wipha,2007,0,Long,3,7.881140756820086,5.655739616932311,0.7929825801607245,3.0183837200484995,8
860,Francisco,2007,0,Long,3,2.988514833723066,4.741916656758033,1.16924835325956,-0.5841534697754067,8
861,Lekima,2007,0,Long,3,9.799717625592946,14.976959185196828,0.13134772004523163,-5.045893839558651,8
862,Krosa,2007,0,Long,4,7.423236333957533,2.1271132481094357,-0.43154662655421355,4.864576459293883,9
863,Peipah,2007,0,Moderate,2,0.38848323882127006,1.7033433902063226,2.4399547387072955,1.1250945873222429,7
864,Mitag,2007,0,Moderate,2,0.42351300834299443,-6.926699385525201,-4.620875978535316,2.72933641533288,7
865,Neoguri,2008,0,Long,3,2.2692737854275498,1.3470000220006066,0.28008307238616403,1.2023568358131071,8
866,Fengshen,2008,0,Extreme,5,5.016221361758519,5.400716787470355,0.17025693332952718,-0.21423849238230863,10
867,Kalmaegi,2008,0,Extreme,7,2.2981871705488794,3.6117053071036302,-0.6981803768600784,-2.0116985134148293,12
868,Fung-wong,2008,0,Extreme,5,4.7133009301704405,5.294177906198427,0.6709007393377151,0.09002376330972872,10
869,Kammuri,2008,0,Extreme,5,5.011165525867793,15.036448613621141,0.2453777585690755,-9.779905329184272,10
870,Nuri,2008,0,Long,4,4.271054277110749,1.626100272649708,0.5964960133628868,3.2414500178239276,9
871,(nameless),2008,0,Short,1,0.4150275670507419,-3.297283277691976,-0.2379363119832183,3.4743745327594993,6
872,Sinlaku,2008,0,Extreme,5,3.074815040491202,7.521648229888809,-0.32304690116271306,-4.76988009056032,10
873,Hagupit,2008,0,Extreme,4,5.186481518941864,5.845052118442518,0.14526062310489252,-0.5133099763957611,9
874,Jangmi,2008,0,Long,3,3.3165739552553637,-2.882838241869278,-1.311823370603366,4.8875888265212755,8
875,Mekkhala,2008,0,Long,3,6.270529875449879,3.4986573209386833,-1.0742341634422676,1.6976383910689277,8
876,Higos,2008,0,Extreme,5,6.992352646064758,1.455742806797433,-0.30673384600029374,5.229875993267031,10
877,(nameless),2008,0,Moderate,3,16.43087689877169,3.809331476514056,0.17022856458967559,12.791773986847309,8
878,Linfa,2009,0,Extreme,5,2.4107168581894376,4.02100207723068,-0.20984504865688614,-1.8201302676981284,10
879,Nangka,2009,0,Moderate,3,2.285568095069386,-1.1261703899458104,-0.8706148203320202,2.5411236646831763,8
880,Soudelor,2009,0,Long,3,1.7068861074772879,1.5937366334340761,0.9029333162024109,1.0160827902456226,8
881,(nameless),2009,0,Short,2,3.6364764656276853,2.5700828891994716,-1.1314016652059606,-0.06500808877774689,7
882,Molave,2009,0,Moderate,2,4.888790261439827,-3.5381192015292946,-0.06230446530579172,8.36460499766333,7
883,Goni,2009,1,Extreme,7,6.161251140799105,11.898530220886682,0.7211580245639834,-5.016121055523594,12
884,Morakot,2009,1,Extreme,6,6.376392359294463,6.311587748781855,-1.116358549284492,-1.051553938771884,11
885,Mujigae,2009,0,Long,4,6.63089448612371,6.117363632992911,1.8294354282539165,2.3429662813847156,9
886,Koppu,2009,0,Long,3,4.941993103191263,6.0927666734549675,-0.8027187635358389,-1.9534923337995438,8
887,Ketsana,2009,0,Long,4,13.415189031667321,22.24431268202698,-0.10307606602427961,-8.932199716383938,9
888,Parma,2009,0,Extreme,4,6.262882260296182,0.9039969036385602,-0.16365459798619192,5.195230758671429,9
889,(nameless),2009,0,Long,3,4.920884157285182,0.9945567857154249,-0.08542209442653714,3.84090527714322,8
890,Conson,2010,0,Long,4,2.742775105880133,3.3799447240187575,0.561064997611284,-0.07610462052734035,9
891,(nameless),2010,0,Short,2,1.7546189485052943,4.677103418277613,-1.107148155847014,-4.029632625619333,7
892,Chanthu,2010,0,Long,4,4.698806711464284,6.62620776907205,0.2300162525561506,-1.6973848050516147,9
893,Dianmu,2010,0,Moderate,2,0.5009068037782397,0.7002768902820407,3.0331499405803704,2.8337798540765693,7
894,Mindulle,2010,0,Long,4,3.059770312494042,7.3676522565919065,0.5647767663045623,-3.7431051777933027,9
895,Lionrock,2010,0,Extreme,8,4.012819363325732,4.065256816800675,-0.07274776150199552,-0.12518521497693874,13
896,Namtheun,2010,0,Long,3,6.025030752013326,8.164578657232962,1.437028290045859,-0.7025196151737765,8
897,Kompasu,2010,0,Moderate,2,3.7052974068109004,3.4123983027006863,1.0844833569759167,1.3773824610861307,7
898,Kompasu,2010,0,Short,1,0.6495177436757971,-1.171867413870401,2.716097769903521,4.5374829274497195,6
899,Malou,2010,0,Moderate,2,0.5269652862508758,2.7161243486809243,1.2487318493795811,-0.9404272130504676,7
900,Meranti,2010,0,Extreme,5,2.315168532375346,5.017697703443633,-0.7939464474825058,-3.496475618550793,10
901,Fanapi,2010,0,Extreme,4,3.85262656678071,6.50987817488865,0.70123449044216,-1.95601711766578,9
902,(nameless),2010,1,Extreme,7,8.736351002991514,9.162120519691298,0.5760020481632445,0.15023253146346038,12
903,Megi,2010,0,Long,4,2.224789753818251,-1.9434392055902276,-2.2437897531372104,1.9244392062712685,9
904,(nameless),2010,0,Moderate,2,1.1806803698159531,-3.7057234655663542,0.3096176160839185,5.196021451466225,7
905,(nameless),2011,0,Moderate,2,0.9841077121455275,-0.03280746066635988,5.063394230265113,6.080309403077001,7
906,Sarika,2011,0,Short,2,1.9188837836525718,5.265748157584172,1.15490770504436,-2.19195666888724,7
907,Haima,2011,0,Extreme,6,3.2768224220361777,11.949185330743115,0.7032684351565047,-7.969094473550432,11
908,Meari,2011,0,Long,4,2.6103332196167455,3.8862142715802395,-0.41090305391910015,-1.686784105882594,9
909,Nock-ten,2011,0,Long,4,3.7097804906933933,3.042380795916401,1.3740822774340806,2.041481972211073,9
910,Muifa,2011,0,Extreme,5,2.14288137077883,2.7030658712039126,-0.03901630790273991,-0.5992008083278226,10
911,Nanmadol,2011,0,Long,4,5.246660463813637,5.881157532545144,-0.13531595426562454,-0.7698130229971318,9
912,Talas,2011,0,Short,2,5.44933724637275,3.6191631930621395,0.2857646051059845,2.1159386584165945,7
913,Kulap,2011,0,Short,1,0.3445211339230631,-9.383929123071248,-2.3023337982465044,7.426116458747806,6
914,Haitang,2011,0,Long,5,26.571841469484156,15.05090051170535,1.9825459055188435,13.503486863297649,10
915,Nesat,2011,0,Long,3,8.404064793045409,10.230537132934703,-1.0723346921303645,-2.8988070320196586,8
916,Nalgae,2011,0,Long,4,10.99906029794817,14.916402510355418,-1.1020624544271047,-5.019404666834354,9
917,Banyan,2011,0,Short,2,0.9682061993234068,-3.4645074628658934,-4.328757553009391,0.10395610917990972,7
918,(nameless),2011,0,Moderate,3,9.824050529404442,-2.686740266169279,-3.3180138105278076,9.192776985045914,8
919,Talim,2012,0,Extreme,5,2.8417027364617313,16.413197655420056,0.3908101117931788,-13.180684807165147,10
920,Doksuri,2012,0,Short,2,1.9433051718218848,-2.219692225585915,-1.474320283880158,2.6886771135276417,7
921,Khanun,2012,0,Short,1,0.5427171469644736,0.7706194448957607,-2.129142604348816,-2.357044902280103,6
922,Khanun,2012,0,Short,2,2.652142972888754,3.144179853477422,1.4928178030059507,1.0007809224172828,7
923,Vicente,2012,0,Extreme,5,4.296318055824013,12.915273039424997,0.3467794882365576,-8.272175495364426,10
924,Saola,2012,0,Extreme,5,4.958295822267201,5.10285122775966,0.6376739325688696,0.49311852707641,10
925,Damrey,2012,0,Moderate,4,4.579113903082742,-2.150496124431763,-0.5955713633372842,6.134038664177221,9
926,Haikui,2012,1,Extreme,6,8.376590641367871,6.257286745334134,0.41438483066884796,2.5336887267025854,11
927,Kai-tak,2012,0,Long,3,3.9689392384919904,5.067472137802796,-0.27606017343403505,-1.374593072744841,8
928,Tembin,2012,0,Extreme,7,1.0386491401110445,3.409763064490733,-0.41800409387161286,-2.7891180182513016,12
929,Tembin,2012,0,Moderate,3,3.5131192348505325,2.2477830241075427,-0.8224772606587916,0.4428589500841982,8
930,Bolaven,2012,0,Long,4,4.537023755426307,2.76522867264974,0.20883880973885535,1.9806338925154223,9
931,Sanba,2012,0,Short,2,5.668498320397104,3.6576396096888493,0.9949499739579981,3.0058086846662526,7
932,Gaemi,2012,0,Short,1,1.0892310937245686,-3.1453346296490197,0.10889468684565884,4.343460410219247,6
933,Son-tinh,2012,0,Long,4,5.610887638067941,3.053696832922369,-1.6092319354529698,0.947958869692602,9
934,Leepi,2013,0,Moderate,2,0.6926216065065817,3.2687586730644553,0.6603420210729446,-1.9157950454849288,7
935,Bebinca,2013,0,Long,4,2.2365411489764977,4.2220619417157055,0.18799737760323154,-1.7975234151359762,9
936,Rumbia,2013,0,Moderate,2,3.444291178001619,1.665367563858273,-0.4959258213608827,1.2829977927824632,7
937,Soulik,2013,0,Long,3,4.907089786297142,4.5226458160769045,1.4336390101626701,1.8180829803829077,8
938,Cimaron,2013,0,Moderate,3,2.200277358071551,-0.3179576623688968,-0.3321997450463107,2.1860352753941372,8
939,Jebi,2013,0,Long,3,3.1011425723120554,4.137368535101766,-0.6773326786611626,-1.7135586414508732,8
940,Mangkhut,2013,0,Moderate,3,2.1084549886365647,-0.06450572992384762,-0.2895806868967939,1.8833800316636184,8
941,Utor,2013,1,Extreme,6,9.15280226393184,11.9178673060728,1.4699591301194468,-1.295105912021514,11
942,Trami,2013,0,Short,1,0.6416728931168715,-1.3483828578282138,-0.9257388142192751,1.06431693672581,6
943,Trami,2013,0,Long,3,5.902060674587744,10.116476023866072,0.18182244510879345,-4.032592904169534,8
944,(nameless),2013,0,Short,2,7.526351265109836,7.272519067090125,3.9817612865096583,4.235593484529369,7
945,Kong-rey,2013,0,Long,3,2.6528994792155363,-1.7203649884051244,-3.2329598068125125,1.1403046608081486,8
946,Toraji,2013,0,Long,3,3.3259523872222636,0.04555058444486093,-2.9810735944311078,0.2993282083462949,8
947,(nameless),2013,0,Moderate,3,11.073531035372277,12.087159359208908,-1.8732465070635935,-2.886874830900225,8
948,Usagi,2013,0,Long,4,4.264641726755205,4.171587001961721,-0.39755116638389254,-0.3044964415904091,9
949,Wutip,2013,0,Extreme,4,2.7705219041898057,5.826442919839264,-1.0393889268675203,-4.0953099425169786,9
950,Fitow,2013,0,Short,2,8.984099697336548,3.1006160946235495,2.6737685973204366,8.557252200033435,7
951,Danas,2013,0,Short,2,24.209044227026457,-1.0047845042599666,-4.045720817124959,21.168107914161464,7
952,Nari,2013,0,Long,3,7.747679297822087,10.846102682909898,1.3823593131250551,-1.7160640719627558,8
953,Krosa,2013,0,Moderate,2,2.7980150096658347,5.670248358644021,0.7790871881224547,-2.093146160855732,7
954,Krosa,2013,0,Short,1,0.5548354313876425,3.5715453813393734,0.8058656472620163,-2.210844302689715,6
955,Haiyan,2013,0,Long,3,8.114267329629062,8.61660915221833,-0.7880280320992531,-1.2903698546885223,8
956,Mitag,2014,0,Moderate,2,0.4158131309917995,5.691260470261639,-1.9954214258874152,-7.270868765157255,7
957,Hagibis,2014,0,Extreme,5,2.8974051488687933,6.037086150450397,2.605543843413284,-0.5341371581683201,10
958,Neoguri,2014,0,Moderate,2,1.1863993546717746,-1.7528618988408287,2.4651576323007554,5.404418885813358,7
959,Rammasun,2014,0,Long,3,5.655598355261603,9.367217993711577,-0.26789381544415747,-3.979513453894132,8
960,Matmo,2014,0,Extreme,5,4.753033940781453,2.299959797061687,-1.3877012332548553,1.0653729104649106,10
961,Nakri,2014,0,Moderate,2,3.529387783848562,4.978853844541,-0.2332259516181196,-1.6826920123105575,7
962,Halong,2014,0,Moderate,2,2.5128687386454787,7.551789639467272,1.3055652749416982,-3.733355625880095,7
963,(nameless),2014,0,Long,3,5.866106148321272,7.370999378247812,-0.8233699760100924,-2.3282632059366324,8
964,(nameless),2014,0,Moderate,3,3.2355423600525617,-0.48106367931197425,0.7131255982170502,4.429731637581586,8
965,Kalmaegi,2014,0,Moderate,3,6.639276547405768,11.320573928287267,-0.10107113923616022,-4.78236852011766,8
966,Fung-wong,2014,0,Extreme,5,2.7032769384268382,3.1518202970972773,-0.3122609023134424,-0.7608042609838814,10
967,Vongfong,2014,0,Short,1,0.28436221679051715,-15.023977940649615,-4.350519327794812,10.957820829645321,6
968,Maysak,2015,0,Short,1,0.6635871597311713,3.674498955846629,-0.8998875737364527,-3.91079936985191,6
969,Noul,2015,0,Short,1,0.7704403780755542,0.3016578263458983,-2.854753827952329,-2.3859712762226732,6
970,Kujira,2015,0,Extreme,6,1.9511966161547774,7.072889225840049,0.7014906485248571,-4.420201961160414,11
971,Linfa,2015,0,Extreme,4,2.2941590614838585,8.118389855024228,-0.23705164743400683,-6.061282440974376,9
972,Chan-hom,2015,0,Long,3,3.962070098000793,2.2220897815176435,-0.6906118628063531,1.0493684536767964,8
973,Soudelor,2015,0,Extreme,5,5.967385356216935,6.915934911621723,0.9808448561965482,0.03229530079176035,10
974,Goni,2015,0,Moderate,2,1.2819161324273973,3.411632944694174,-0.09348447627410224,-2.2232012885408787,7
975,Goni,2015,0,Short,2,2.8607230590355224,5.772367407774383,0.9181417239252454,-1.9935026248136154,7
976,Vamco,2015,0,Moderate,3,8.74550606115017,5.774510029754573,0.042133675428428795,3.0131297068240257,8
977,Dujuan,2015,0,Moderate,3,4.00136307960405,0.40411668767646036,-1.3420919511582632,2.2551544407693265,8
978,Mujigae,2015,0,Moderate,3,8.133871417242794,7.267454399903872,0.37308186798006027,1.2394988853189828,8
979,(nameless),2016,0,Moderate,3,2.7501586209171935,1.3533635654434042,0.2207341168993017,1.6175291723730911,8
980,NEPARTAK,2016,0,Moderate,3,4.487725195653347,9.50260522562641,2.3475579694426876,-2.6673220605303762,8
981,MIRINAE,2016,0,Moderate,3,2.3605088436653414,-3.099385382712933,0.6039977911381295,6.063892017516404,8
982,NIDA,2016,0,Moderate,3,4.765663272150488,5.9376138198885995,1.2294600224188876,0.05750947468077605,8
983,DIANMU,2016,0,Extreme,6,4.703157516921466,11.633302525216912,-1.0263770942333228,-7.956522102528769,11
984,Lionrock,2016,0,Short,1,3.255673284094448,24.137710039034754,0.9429505226084363,-19.939086232331867,6
985,Malou,2016,0,Short,2,0.7128847773184352,-0.6942795776648749,2.040759708716146,3.4479240636994564,7
986,RAI,2016,0,Moderate,2,6.059642923228038,3.812320269326397,-1.460505268759492,0.7868173851421494,7
987,RAI,2016,0,Short,1,0.2405232134319487,-2.0604282777583465,0.5744030969384344,2.8753545881287295,6
988,MERANTI,2016,0,Long,4,7.438681871627596,1.5689624512276852,-1.2927238726257815,4.576995547774128,9
989,MALAKAS,2016,0,Long,4,15.89726171938165,4.823586190832375,-3.398162513162131,7.675513015387143,9
990,MEGI,2016,0,Long,3,7.521622371454303,8.315482914671282,0.5742178050368137,-0.21964273818016566,8
991,CHABA,2016,0,Short,1,0.7607733969274721,1.661681470356573,1.155189252912474,0.25428117948337325,6
992,AERE,2016,0,Extreme,6,3.850608236935835,6.419394079995668,-0.6486751320349156,-3.217460975094749,11
993,AERE,2016,0,Long,3,13.740443920173373,7.047388583660967,0.7471591808524423,7.440214517364848,8
994,SARIKA,2016,0,Long,4,6.773383611511483,7.232514007755155,0.36232809752258127,-0.09680229872109042,9
995,HAIMA,2016,0,Long,3,3.9928295016903927,7.0260886526157815,-0.6379766945676675,-3.6712358454930563,8
996,(nameless),2017,0,Short,2,1.4760126356317218,3.5448695043731275,-1.3660540588660453,-3.4349109276074508,7
997,MERBOK,2017,0,Long,3,3.637328289003969,8.257487804298028,-0.7501416098015365,-5.370301125095596,8
998,NANMADOL,2017,0,Moderate,2,1.8278145456608494,3.6362280383849646,1.037471559682976,-0.7709419330411391,7
999,TALAS,2017,0,Long,4,3.1762364542153145,8.13554668450912,0.4625166672264821,-4.496793563067323,9
1000,SONCA,2017,0,Extreme,5,4.452813971362998,1.7091050106567487,-0.39396102727859406,2.3497479334276554,10
1001,SONCA,2017,0,Short,2,1.3811913682864263,6.356487430288654,0.7296400596657151,-4.245656002336513,7
1002,ROKE,2017,0,Moderate,2,2.148530259281218,-3.39009246082989,-0.16530529866961033,5.373317421441498,7
1003,HAITANG,2017,0,Short,1,0.6723936184858664,10.066950175415384,1.6182681092677624,-7.776288447661755,6
1004,HAITANG,2017,0,Extreme,6,4.281369877018265,3.60374451090736,0.27195290781194953,0.9495782739228547,11
1005,NESAT,2017,0,Moderate,3,7.73690012125229,12.037452259565267,1.9345224809828234,-2.366029657330153,8
1006,HATO,2017,0,Long,4,6.735723806095626,4.136311068116921,1.0082544855835234,3.6076672235622285,9
1007,PAKHAR,2017,0,Moderate,3,6.732268624643243,5.126502073186915,-1.145414436319717,0.4603521151366117,8
1008,MAWAR,2017,0,Extreme,5,2.633192365443107,6.525257064797168,1.167589143330292,-2.7244755560237692,10
1009,GUCHOL,2017,0,Moderate,2,2.70527332753893,4.5650962070102,-0.13999321762066047,-1.9998160970919303,7
1010,TALIM,2017,0,Extreme,4,1.23903295088803,-5.8073862119439745,-1.6539579432880613,5.392461219543943,9
1011,DOKSURI,2017,0,Long,4,2.907984927607507,2.334292645950398,-0.12165266370766505,0.45203961794944403,9
1012,(nameless),2017,0,Moderate,3,1.6446349086256715,0.5894040021362705,-0.8913588815433992,0.16387202494600184,8
1013,(nameless),2017,0,Moderate,3,3.7962382793037452,-1.009254941561202,-0.4580943238290421,4.347398897035905,8
1014,KHANUN,2017,0,Moderate,3,3.5495171670580397,5.3904203526488335,0.2530910489112828,-1.587812136679511,8
1015,HAIKUI,2017,0,Short,2,2.151842656600011,-3.240680348137455,0.7852965850915204,6.177819589828987,7
1016,EWINIAR,2018,1,Extreme,8,7.775508863825285,7.473174877515981,0.7398412173009781,1.0421752036102825,13
1017,GAEMI,2018,0,Long,3,2.463680723295418,8.09373643872497,1.6723234184859226,-3.9577322969436297,8
1018,PRAPIROON,2018,0,Short,1,0.45402253336376613,-2.666877507547424,-3.04220416986535,0.07869587104584008,6
1019,MARIA,2018,0,Long,4,2.511974395263195,-4.973954035137828,-0.5987456254072784,6.887182804993745,9
1020,SON-TINH,2018,1,Extreme,8,4.0432254365546125,6.786126374688248,0.09038098580180658,-2.652519952331829,13
1021,AMPIL,2018,0,Extreme,6,3.154032107386247,1.3398339536381783,-0.4927148981678056,1.3214832555802631,11
1022,(nameless),2018,0,Moderate,3,4.167792202665953,2.253132116306984,1.296976465323534,3.2116365516825027,8
1023,JONGDARI,2018,0,Extreme,4,2.0944423199190845,-1.4054198261035662,-0.3733046947374931,3.1265574512851577,9
1024,BEBINCA,2018,1,Extreme,9,5.3050189599262305,10.678376132167376,0.5404103798175051,-4.83294679242364,14
1025,YAGI,2018,0,Extreme,4,7.821521316489332,4.784230633559795,0.9472307553356433,3.9845214382651806,9
1026,RUMBIA,2018,1,Extreme,6,7.987604769426153,2.2081341106560615,-1.6840800903244322,4.0953905684456595,11
1027,SOULIK,2018,0,Short,1,1.2183711689295293,2.2871536246328668,-0.22870620177043222,-1.2974886574737696,6
1028,SOULIK,2018,0,Short,1,1.7953937325561256,-6.136865013822605,-0.7568844140637365,7.175374332314994,6
1029,SOULIK,2018,0,Moderate,2,6.673660229262443,7.821420374330628,-0.52335146730573,-1.671111612373915,7
1030,(nameless),2018,0,Long,4,3.5483344258219165,14.407913862961047,0.49181458141024237,-10.367764855728888,9
1031,JEBI,2018,0,Short,1,2.3572870870505955,6.687878561454238,-5.980071079592994,-10.310662553996636,6
1032,BARIJAT,2018,0,Extreme,5,3.20696663288589,7.653342834968958,0.17186179663120882,-4.27451440545186,10
1033,MANGKHUT,2018,0,Long,3,6.161417042968991,5.402767549453889,-0.7336635029383896,0.024985990576712247,8
1034,KONG-REY,2018,0,Short,1,1.7726545033201706,-3.456507379049784,-0.3911939142478853,4.837967968122069,6
1035,YUTU,2018,0,Moderate,3,2.3584337387390497,6.34244939855036,1.0363454445390052,-2.9476702152723053,8
1036,MUN,2019,0,Long,3,2.5268596781307657,10.15585680531224,-0.08374455148628475,-7.712741678667759,8
1037,DANAS,2019,0,Long,3,0.4171299791121544,0.527732348142328,-0.4283608932958553,-0.5389632623260289,8
1038,DANAS,2019,0,Moderate,3,4.184915662150072,5.755917978258108,0.3994300763399424,-1.1715722397680934,8
1039,WIPHA,2019,0,Extreme,5,7.589224884224381,13.376906122120005,0.5092931655073025,-5.278388072388322,10
1040,FRANCISCO,2019,0,Moderate,2,1.5740176050849508,6.546626765214989,0.8639201431708031,-4.108689016959235,7
1041,LEKIMA,2019,1,Extreme,7,6.650148714030121,5.868640849800805,-1.4849247388955775,-0.7034168746662615,12
1042,KROSA,2019,0,Short,1,10.0087944826826,13.472330130509926,-6.063334256303795,-9.526869904131122,6
1043,BAILU,2019,0,Moderate,3,4.96013810589837,6.565524493837646,0.5053119778523852,-1.1000744100868913,8
1044,PODUL,2019,0,Long,3,9.25229375296169,18.405051601389175,0.6985978460180142,-8.454160002409472,8
1045,KAJIKI,2019,1,Extreme,8,6.055415125968081,12.227398931620002,-0.6121946304245146,-6.784178436076435,13
1046,LINGLING,2019,0,Extreme,4,3.5336725056139415,-0.26768120194156986,-1.4161315608350928,2.3852221467204187,9
1047,(nameless),2019,0,Extreme,4,1.5279126682189732,-1.3021535170112284,-1.209016531411245,1.6210496538189563,9
1048,TAPAH,2019,0,Short,2,4.173938291733554,-9.092219206861785,-2.262752909487695,11.003404589107644,7
1049,MITAG,2019,0,Long,3,4.56638976629892,1.4855953212464996,0.6312538770296628,3.7120483220820835,8
1050,FUNG-WONG,2019,0,Short,2,0.5565846452529478,-5.8652598296006255,-0.7925974908907396,5.629246983962834,7
1051,Vongfong,2020,0,Moderate,2,0.7003061314577302,3.4679973319854307,1.1439870082404062,-1.6237041922872941,7
1052,Nuri,2020,0,Moderate,2,1.8947691026493578,1.3938078804935345,0.7282765733748547,1.2292377955306781,7
1053,Sinlaku,2020,0,Long,4,2.817175451548334,13.667958481422595,1.3164093785240294,-9.534373651350231,9
1054,Hagupit,2020,0,Extreme,5,1.9441479136799118,5.316669598458985,0.2800809838183973,-3.0924407009606756,10
1055,Jangmi,2020,0,Short,1,0.668683272600174,7.2019867794558365,-2.388647307298383,-8.921950814154044,6
1056,Jangmi,2020,0,Short,2,0.6409453071677119,5.5136550937806605,0.023795290062904685,-4.8489144965500435,7
1057,Mekkhala,2020,0,Short,2,1.974238114381928,-0.40366850419250117,-1.368273045594107,1.0096335729803223,7
1058,Higos,2020,0,Long,3,2.461582961716679,4.374294135177656,0.21888851743476204,-1.6938226560262144,8
1059,Bavi,2020,0,Long,3,0.475103349240832,7.875435743346183,1.9312503865410928,-5.469082007564259,8
1060,Bavi,2020,0,Long,4,3.7549807869846825,8.20496720452033,-0.1444790447247242,-4.594465462260371,9
1061,Maysak,2020,0,Moderate,2,1.7465027658915033,-7.410483279084265,-3.153743102853453,6.003242942122316,7
1062,Maysak,2020,0,Long,4,9.24666785022671,9.661311850213151,-0.4154276825534739,-0.8300716825399141,9
1063,Haishen,2020,0,Short,2,6.432331786216262,6.699862168339682,-0.5801726110684061,-0.847702993191826,7
1064,Noul,2020,0,Moderate,2,6.783936493334017,11.865138248068023,1.3158179549286835,-3.7653837998053223,7
1065,Linfa,2020,0,Moderate,3,8.528888851477959,13.469124623664564,2.453693490069243,-2.486542282117363,8
1066,Nangka,2020,0,Long,3,5.614153308500308,9.77159541597522,1.1374998565696715,-3.019942250905241,8
1067,(nameless),2020,0,Moderate,2,13.071130532488533,25.77569629893159,-1.69247878707434,-14.397044553517395,7
1068,Saudel,2020,0,Short,1,0.2323962152004242,0.34371097286924385,3.2498914338576155,3.1385766761887957,6
1069,Saudel,2020,0,Moderate,3,6.505928788917609,4.0259692330142975,3.625694337928039,6.1056538938313505,8
1070,Molave,2020,0,Short,1,10.147935779378756,5.346071351752388,0.0870363394641176,4.888900767090485,6
1071,Goni,2020,0,Short,2,0.4462064507611115,-7.9811660084047,0.16523535067962597,8.592607809845438,7
1072,Atsani,2020,0,Short,1,0.27660674491977477,-4.850064260266403,-5.255254851949603,-0.1285838467634255,6
1073,Vamco,2020,0,Long,4,3.1588359337264404,-4.675377349072369,0.2509700710222568,8.085183353821067,9
1074,Choi-wan,2021,0,Long,3,1.5831290704410708,5.455781585343462,-1.6316110306435843,-5.504263545545975,8
1075,Koguma,2021,0,Long,3,2.0299689804361956,5.846761594356803,-0.3041837340845734,-4.120976348005181,8
1076,(nameless),2021,0,Moderate,3,2.431758326278148,-3.7317186677463443,-1.0933559939506552,5.070121000073837,8
1077,Cempaka,2021,0,Extreme,8,2.9154498777818025,6.073671773619582,0.816058295578626,-2.3421636002591533,13
1078,In-fa,2021,1,Extreme,9,5.0048987570877985,1.555546217330501,-0.20825828686538492,3.2410942528919127,14
1079,Nepartak,2021,0,Short,2,0.2004201289427241,2.3212486942066204,0.575972813252011,-1.5448557520118855,7
1080,Lupit,2021,0,Extreme,6,4.847496454074213,9.00845088378028,0.24850005084921792,-3.9124543788568493,11
1081,Mirinae,2021,0,Moderate,2,28.737640365958214,16.24561688754904,0.20113878826698225,12.693162266676156,7
1082,Omais,2021,0,Moderate,2,0.8597518232826575,6.712634923956952,-1.2702094993921436,-7.123092600066439,7
1083,Omais,2021,0,Short,1,0.6701004736953311,-1.674619203202709,-1.803137429974563,0.5415822469234772,6
1084,Conson,2021,0,Long,4,3.4629268586169197,5.358030270900872,0.32728502329896053,-1.5678183889849915,9
1085,Chanthu,2021,0,Extreme,6,3.2900930473720966,2.593703490759273,-0.15246571099700923,0.5439238456158145,11
1086,Dianmu,2021,0,Moderate,2,4.0035042000440075,2.0765493464916696,-1.668357733146248,0.25859712040608995,7
1087,Lionrock,2021,0,Extreme,5,9.99645197830873,9.058634172156548,0.3665310284404395,1.3043488345926217,10
1088,Kompasu,2021,0,Short,1,0.1742394963900248,15.509855240299935,2.398340662349333,-12.937275081560578,6
1089,Kompasu,2021,0,Moderate,2,4.559433110481845,6.482723552126615,-0.9248634066145393,-2.8481538482593085,7
1090,Rai,2021,0,Moderate,3,3.3417598697969155,-1.531022388561715,1.848591477902718,6.721373736261349,8
1091,Chaba,2022,0,Extreme,8,4.093306314326274,4.727068540019074,0.13944969057195616,-0.4943125351208442,13
1092,Songda,2022,0,Long,4,1.027013952550651,1.0612201799621697,-0.08326691932503547,-0.11747314673655415,9
1093,Trases,2022,0,Short,1,8.588180341923882,-1.9177393663921878,-2.5760297875600555,7.929889920756016,6
1094,(nameless),2022,0,Short,2,3.6148267870732935,-1.966330749329861,-0.14980503118081573,5.431352505222338,7
1095,Mulan,2022,0,Long,4,3.7650477829646545,5.544735757026342,-0.04714498875427507,-1.8268329628159627,9
1096,Ma-on,2022,0,Moderate,3,2.9912342292397334,1.1666866541266931,-0.31862247857751963,1.5059250965355206,8
1097,Hinnamnor,2022,0,Long,3,3.8101816095316368,-5.459907175504789,-2.741247663886099,6.528841121150325,8
1098,Hinnamnor,2022,0,Short,1,4.137273232909243,3.3949946695137485,-2.760959789461682,-2.018681226066187,6
1099,Muifa,2022,0,Extreme,5,4.949550821384959,-3.9368230733258542,-0.9116477735769264,7.9747261211338865,10
1100,Noru,2022,0,Long,3,8.730065238986697,17.58672907441945,1.540878893803199,-7.315784941629553,8
1101,Sonca,2022,0,Short,2,1.5989377046785047,-5.5489731187838975,0.15307779162600496,7.300988615088407,7
1102,Nesat,2022,0,Short,1,0.28202736247432686,6.628053472515732,-1.4472335495363655,-7.79325965957777,6
1103,Nesat,2022,0,Moderate,3,7.449674524046988,3.0445298321471563,1.6476404088947507,6.0527851007945825,8
1104,(nameless),2022,0,Short,1,0.3610371421049307,-0.9754463959327309,-1.4197822031223257,-0.0832986650846641,6
1105,Nalgae,2022,0,Moderate,3,2.1484214424386354,2.4263677603453355,0.5995432600936775,0.32159694218697743,8
1106,TALIM,2023,0,Extreme,4,6.099867914427575,9.298365869971962,1.0214079461736953,-2.177090009370691,9
1107,DOKSURI,2023,0,Extreme,5,5.060909150368517,0.2612229849468453,0.8648442769860245,5.664530442407697,10
1108,KHANUN,2023,0,Extreme,4,0.5661482569202256,4.532252773766838,1.1984588480441754,-2.767645668802437,9
1109,KHANUN,2023,0,Short,2,1.2914636915484912,1.5630033697947028,1.9292425841355296,1.657702905889318,7
1110,LAN,2023,0,Short,2,0.30202377268246244,-1.1788936907080345,-4.265291160679881,-2.7843736972893844,7
1111,SAOLA,2023,0,Extreme,6,7.850312069715939,10.81215756684695,0.17334467825422686,-2.7885008188767846,11
1112,HAIKUI,2023,1,Extreme,9,7.304547348533617,9.686128610487897,0.28351432921928854,-2.098066932734991,14
1113,(nameless),2023,0,Moderate,3,6.944712918124755,7.304199064086404,1.246103209398249,0.8866170634365995,8
1114,KOINU,2023,0,Extreme,6,2.0572533253251777,4.495133969603327,-0.4734621536292036,-2.9113427979073525,11
1115,SANBA,2023,0,Extreme,4,7.755388134518392,2.528414521429045,0.6288885368259446,5.855862149915292,9
1116,MALIKSI,2024,0,Long,4,4.303563211130449,4.532609782785075,0.19826468301128486,-0.030781888643341304,9
1117,(nameless),2024,0,Short,2,4.645235187666756,4.556536670534469,1.2766793712859497,1.3653778884182368,7
1118,PRAPIROON,2024,0,Extreme,6,2.9807889334060333,7.456267096757144,0.3628740614930229,-4.112604101858088,11
1119,GAEMI,2024,0,Extreme,5,6.613685863457766,8.2324799380731,0.9785127638202313,-0.6402813107951024,10
1120,JONGDARI,2024,0,Moderate,3,3.31451032005074,4.7006144930164595,-1.022970361815733,-2.4090745347814524,8
1121,YAGI,2024,0,Extreme,5,5.142851616509715,9.26074578654207,0.7021731259462669,-3.415721044086089,10
1122,BEBINCA,2024,0,Long,4,6.018116117367572,-6.549399506927115,-0.6369266557096489,11.930588968585036,9
1123,SOULIK,2024,0,Long,4,6.077280064414267,15.523593799361842,1.1949327453990226,-8.251380989548554,9
1124,PULASAN,2024,0,Long,4,6.47562774000175,-1.443497612020541,-2.634735471697529,5.2843898803247615,9
1125,(nameless),2024,0,Moderate,3,4.485557894521344,9.515599158559109,0.08423323804949708,-4.945808025988268,8
1126,KRATHON,2024,0,Extreme,4,0.6511658902743833,6.499600004425002,0.8120811100110633,-5.0363530041395554,9
1127,TRAMI,2024,0,Long,4,27.20757578745112,10.090857877127299,0.9928240656085795,18.1095419759324,9
1128,KONG-REY,2024,0,Moderate,2,7.469036361668323,-0.46990910028598315,1.3089234360792605,9.247868898033566,7
1129,YINXING,2024,0,Long,3,0.5494857152183372,2.747925646892434,0.37227546840954356,-1.826164463264553,8
1130,TORAJI,2024,0,Long,3,2.2666672057111157,0.9190975784399977,-1.214464770797359,0.13310485647375891,8
1131,USAGI,2024,0,Moderate,2,1.1446058997448454,-0.9491884452743538,-3.446486043349138,-1.3526916983299393,7
1132,MAN-YI,2024,0,Moderate,3,0.9392709563786592,-2.491898029171985,-0.16073642039848224,3.270432565152162,8
