event_id,tc_id,tc_name,year,start_date,end_date,duration_days,n_days,prelim_centroid_lat,prelim_centroid_lon,sum_total_prec_mm,accumulation_Ae_mm,peak_daily_mm,mean_intensity_mmday,affected_area_km2,volume_Ve_m3,volume_Ve_km3,n_event_cells,PER_flag,RT_e_hours,RT_e_days,RT_local_hours,RT_local_days,vt_mean_kmh,vt_min_kmh,n_track_records,RT_quartile
1,3,Karen,1960,19600426,19600427,2,2,25.457,119.619,228.2,13.51,16.43,4.563,4466.0,25470127.0,0.0255,40,0,24.0,1.0,18.0,0.75,12.8,10.2,5,Short
2,6,Mary,1960,19600604,19600610,7,7,25.67,116.896,539309.3,223.13,225.43,33.464,834688.2,60024176353.0,60.0242,7535,1,168.0,7.0,42.0,1.75,16.9,4.0,28,Extreme
3,8,(nameless),1960,19600625,19600627,3,3,20.319,109.489,25391.3,58.91,58.6,10.116,167754.0,2942920651.0,2.9429,1460,0,54.0,2.25,36.0,1.5,13.8,9.1,10,Moderate
4,7,Olive,1960,19600628,19600701,4,4,21.56,109.376,175313.2,137.76,283.96,21.051,597585.7,20149556293.0,20.1496,5256,0,78.0,3.25,42.0,1.75,20.5,11.9,14,Long
5,9,Polly,1960,19600726,19600731,6,6,40.161,122.361,334000.3,62.17,159.19,15.797,1403395.1,31444055207.0,31.4441,15166,0,126.0,5.25,30.0,1.25,30.8,9.4,24,Extreme
6,11,Shirley,1960,19600730,19600806,8,8,31.164,119.783,431242.4,191.76,318.2,19.582,988883.6,45521749149.0,45.5217,9549,1,174.0,7.25,72.0,3.0,14.2,7.1,30,Extreme
7,12,(nameless),1960,19600730,19600803,5,5,22.019,110.751,124628.9,88.95,244.73,14.098,555650.9,14274756188.0,14.2748,4911,0,102.0,4.25,72.0,3.0,10.9,5.8,18,Extreme
8,13,Trix,1960,19600807,19600814,8,8,24.184,113.131,603275.4,188.25,191.78,23.629,1003251.5,68003309276.0,68.0033,8938,1,168.0,7.0,78.0,3.25,16.1,7.9,29,Extreme
9,15,(nameless),1960,19600807,19600807,1,1,20.424,110.678,5529.4,23.01,47.78,9.065,70769.3,640537889.0,0.6405,610,0,18.0,0.75,0.0,0.0,31.1,19.8,4,Short
10,14,Trix(-)1,1960,19600808,19600810,3,3,26.621,118.754,206625.2,211.32,191.78,33.289,394896.9,22831323687.0,22.8313,3585,0,66.0,2.75,54.0,2.25,12.3,6.2,12,Long
11,20,(nameless),1960,19600813,19600816,4,4,23.61,115.229,38961.8,58.39,127.55,11.517,207013.4,4413402719.0,4.4134,1837,0,72.0,3.0,24.0,1.0,13.8,7.6,13,Long
12,19,Agnes,1960,19600814,19600815,2,2,24.637,115.646,84920.9,47.07,68.24,13.627,531241.3,9539009701.0,9.539,4740,0,42.0,1.75,30.0,1.25,24.9,19.0,8,Moderate
13,25,Elaine,1960,19600817,19600826,10,10,23.697,114.989,200301.8,183.06,218.58,15.652,549564.1,22670685279.0,22.6707,4900,0,216.0,9.0,120.0,5.0,13.2,5.5,37,Extreme
14,23,Carmen,1960,19600821,19600824,4,4,44.295,129.035,300272.7,125.27,146.8,33.401,586140.0,26523747736.0,26.5237,6447,0,90.0,3.75,12.0,0.5,36.0,17.9,16,Extreme
15,24,Della,1960,19600830,19600830,1,1,46.209,133.53,6058.1,65.7,65.74,45.895,11247.2,518318522.0,0.5183,132,0,24.0,1.0,12.0,0.5,45.9,42.4,4,Short
16,28,Gloria,1960,19600831,19600831,1,1,25.71,119.66,1541.3,43.33,57.47,14.679,11627.3,171695544.0,0.1717,105,0,24.0,1.0,6.0,0.25,23.8,13.9,4,Short
17,27,(nameless),1960,19600903,19600905,3,3,20.285,109.144,28702.7,67.77,58.63,13.344,150554.2,3327407110.0,3.3274,1311,0,54.0,2.25,30.0,1.25,21.8,18.2,10,Moderate
18,30,Irma,1960,19600917,19600918,2,2,29.27,121.385,2694.7,19.68,25.23,4.855,46049.4,290613943.0,0.2906,425,0,36.0,1.5,18.0,0.75,42.7,31.9,8,Moderate
19,31,(nameless),1960,19600918,19600920,3,3,19.407,109.875,54510.2,189.81,184.25,43.091,65193.0,6356390623.0,6.3564,561,0,48.0,2.0,36.0,1.5,17.9,12.9,9,Moderate
20,32,(nameless),1960,19600922,19600927,6,6,22.03,109.698,116198.7,79.53,108.27,16.56,441808.1,13311678967.0,13.3117,3885,0,120.0,5.0,42.0,1.75,15.4,8.8,21,Extreme
21,35,Kit,1960,19601010,19601013,4,4,19.972,110.237,51933.1,136.92,198.07,16.983,181966.3,6033763626.0,6.0338,1584,0,90.0,3.75,84.0,3.5,12.7,9.0,16,Extreme
22,36,Lola,1960,19601015,19601017,3,3,20.218,109.027,28637.5,77.37,121.04,16.364,125575.5,3321296481.0,3.3213,1090,0,54.0,2.25,36.0,1.5,19.0,15.2,10,Moderate
23,45,Alice,1961,19610517,19610520,4,4,26.575,117.796,350313.0,136.19,185.39,31.72,768946.7,38703000117.0,38.703,6949,0,96.0,4.0,30.0,1.25,25.7,9.9,16,Extreme
24,48,(nameless),1961,19610525,19610527,3,3,18.576,109.966,1304.3,34.52,37.94,16.103,7731.0,152867310.0,0.1529,66,0,60.0,2.5,42.0,1.75,7.8,5.1,10,Long
25,48,(nameless),1961,19610528,19610530,3,3,25.315,117.525,28641.4,41.41,82.67,9.001,209582.0,3200155063.0,3.2002,1878,0,48.0,2.0,18.0,0.75,18.7,14.7,9,Moderate
26,46,Betty,1961,19610526,19610528,3,3,30.206,120.656,72596.7,90.59,173.21,17.049,315420.4,7743138098.0,7.7431,2976,0,72.0,3.0,24.0,1.0,40.8,16.8,12,Long
27,47,Betty(-)1,1961,19610526,19610527,2,2,27.339,120.0,25231.3,89.54,153.23,19.712,99150.3,2770928613.0,2.7709,900,0,6.0,0.25,6.0,0.25,21.3,21.3,2,Short
28,50,(nameless),1961,19610603,19610608,6,6,21.316,108.338,51872.2,63.32,83.28,9.384,318447.4,5971568888.0,5.9716,2784,0,114.0,4.75,42.0,1.75,18.4,12.7,20,Extreme
29,49,(nameless),1961,19610605,19610606,2,2,26.377,118.657,2736.6,12.47,40.4,3.983,67272.7,303064698.0,0.3031,608,0,24.0,1.0,6.0,0.25,20.6,18.0,5,Short
30,51,Cora,1961,19610623,19610626,4,4,20.105,109.182,13449.9,34.79,34.7,6.766,119595.6,1561150741.0,1.5612,1037,0,72.0,3.0,48.0,2.0,15.0,5.7,13,Long
31,55,Doris(-)1,1961,19610630,19610701,2,2,25.057,117.499,29429.3,38.61,83.44,11.241,247198.3,3294812029.0,3.2948,2224,0,18.0,0.75,18.0,0.75,15.3,8.5,4,Short
32,54,Doris,1961,19610701,19610702,2,2,23.667,114.11,166011.9,138.48,187.38,23.856,571092.0,18794509366.0,18.7945,5089,0,42.0,1.75,36.0,1.5,21.3,14.0,8,Moderate
33,57,Elsie,1961,19610713,19610716,4,4,25.068,112.913,180520.3,64.72,150.18,15.577,934206.6,20207228082.0,20.2072,8454,0,72.0,3.0,24.0,1.0,19.8,7.8,13,Long
34,58,Flossie,1961,19610718,19610720,3,3,23.143,111.207,72834.3,55.86,83.44,9.998,532016.2,8279036302.0,8.279,4703,0,54.0,2.25,24.0,1.0,22.2,6.3,10,Moderate
35,59,Grace,1961,19610724,19610724,1,1,31.31,121.643,287.0,8.13,12.11,3.587,8464.7,30311315.0,0.0303,80,0,24.0,1.0,6.0,0.25,29.0,19.6,4,Short
36,59,Grace,1961,19610725,19610725,1,1,40.75,125.397,941.3,30.37,40.18,10.819,8105.3,88164968.0,0.0882,87,0,12.0,0.5,0.0,0.0,28.0,22.1,3,Short
37,60,Helen,1961,19610802,19610802,1,1,37.15,122.493,2.4,1.36,1.38,1.2,197.1,236577.0,0.0002,2,0,6.0,0.25,6.0,0.25,21.0,13.1,4,Short
38,60,Helen,1961,19610803,19610805,3,3,42.872,129.718,26382.1,145.65,138.52,23.224,66899.8,2390485021.0,2.3905,734,0,54.0,2.25,30.0,1.25,16.3,10.2,12,Moderate
39,62,June,1961,19610806,19610808,3,3,25.328,117.206,18302.6,29.11,49.71,7.495,241981.0,2044967043.0,2.045,2175,0,54.0,2.25,24.0,1.0,13.9,5.8,10,Moderate
40,63,(nameless),1961,19610810,19610810,1,1,26.182,119.807,13.7,2.22,2.3,1.709,887.8,1517366.0,0.0015,8,0,18.0,0.75,0.0,0.0,18.9,12.6,4,Short
41,64,(nameless)(-)1,1961,19610810,19610811,2,2,34.035,117.753,94526.4,60.1,136.33,15.291,594803.1,9665837905.0,9.6658,5681,0,30.0,1.25,6.0,0.25,42.4,18.8,6,Short
42,66,(nameless),1961,19610819,19610820,2,2,28.801,119.897,2312.7,9.37,36.22,2.961,74408.3,250474463.0,0.2505,687,0,30.0,1.25,18.0,0.75,28.7,23.6,6,Short
43,67,(nameless),1961,19610819,19610821,3,3,19.57,109.582,37913.3,110.61,82.6,18.806,121292.9,4416093874.0,4.4161,1051,0,66.0,2.75,42.0,1.75,23.4,16.9,12,Long
44,68,Lorna,1961,19610824,19610828,5,5,25.29,113.932,474238.0,152.68,201.15,24.169,1113885.3,52993482319.0,52.9935,10025,0,108.0,4.5,66.0,2.75,15.7,9.1,19,Extreme
45,71,(nameless),1961,19610829,19610901,4,4,23.517,112.746,187549.1,132.59,180.03,21.525,542551.8,21255754123.0,21.2558,4798,0,66.0,2.75,24.0,1.0,14.4,7.6,12,Long
46,72,Olga,1961,19610907,19610911,5,5,24.546,114.467,299355.9,182.0,193.54,22.264,665093.4,33657661013.0,33.6577,5953,0,96.0,4.0,60.0,2.5,14.3,5.1,17,Extreme
47,73,Pamela,1961,19610911,19610913,3,3,26.365,116.809,213610.8,127.36,160.23,22.375,680604.6,23654494275.0,23.6545,6194,0,66.0,2.75,42.0,1.75,23.4,8.9,12,Long
48,75,Ruby,1961,19610923,19610925,3,3,19.165,109.74,20558.1,96.58,82.72,22.641,43186.4,2400885124.0,2.4009,370,0,54.0,2.25,42.0,1.75,21.7,14.7,10,Moderate
49,76,Sally,1961,19610928,19610930,3,3,23.711,113.388,232057.7,141.37,181.63,30.724,652657.5,26263130078.0,26.2631,5783,0,48.0,2.0,30.0,1.25,27.6,17.2,9,Moderate
50,77,Tilda,1961,19611003,19611005,3,3,30.731,120.165,171546.2,147.67,142.11,28.364,348409.6,18226465546.0,18.2265,3283,0,72.0,3.0,54.0,2.25,25.7,10.8,12,Long
51,80,Wilda,1961,19611012,19611013,2,2,18.591,109.598,4618.3,60.11,60.25,32.523,15580.5,541222490.0,0.5412,133,0,36.0,1.5,12.0,0.5,19.7,17.1,7,Moderate
52,82,Anita,1961,19611019,19611020,2,2,18.913,109.604,17348.2,108.6,85.78,34.15,34242.1,2029144236.0,2.0291,293,0,30.0,1.25,24.0,1.0,27.4,17.9,6,Short
53,91,(nameless),1962,19620522,19620525,4,4,22.485,110.178,114501.1,71.32,150.44,14.461,510365.3,13074168701.0,13.0742,4506,0,78.0,3.25,36.0,1.5,15.7,7.2,14,Long
54,93,Joan,1962,19620709,19620709,1,1,28.032,120.317,193.6,8.79,9.86,3.282,6420.5,21130161.0,0.0211,59,0,24.0,1.0,6.0,0.25,30.6,23.7,4,Short
55,93,Joan,1962,19620710,19620710,1,1,35.062,123.797,1497.6,12.58,21.35,5.547,27951.4,150734516.0,0.1507,270,0,24.0,1.0,18.0,0.75,58.3,43.5,4,Short
56,93,Joan,1962,19620711,19620711,1,1,45.424,132.624,1656.9,12.82,16.1,5.38,26979.1,143765335.0,0.1438,308,0,6.0,0.25,0.0,0.0,68.6,68.6,2,Short
57,94,(nameless),1962,19620710,19620712,3,3,20.974,110.014,11569.0,24.07,30.31,9.352,119856.8,1335244371.0,1.3352,1038,0,60.0,2.5,24.0,1.0,25.1,11.6,11,Long
58,95,Kate,1962,19620721,19620726,6,6,31.739,118.308,337698.8,95.8,170.22,17.848,947895.3,35432112243.0,35.4321,9060,0,126.0,5.25,60.0,2.5,15.6,5.8,22,Extreme
59,97,Nora,1962,19620731,19620803,4,4,37.106,125.01,78302.6,64.9,138.57,18.372,320808.0,7676637232.0,7.6766,3252,0,90.0,3.75,30.0,1.25,37.4,17.0,16,Extreme
60,99,(nameless),1962,19620731,19620731,1,1,21.002,111.256,3046.8,11.63,22.87,5.939,59307.2,351621690.0,0.3516,513,0,12.0,0.5,0.0,0.0,22.5,15.5,3,Short
61,100,Opal,1962,19620805,19620808,4,4,34.123,120.181,480896.5,123.73,215.14,27.851,1255466.0,49005630004.0,49.0056,12312,0,96.0,4.0,30.0,1.25,36.4,21.4,16,Extreme
62,100,Opal,1962,19620809,19620809,1,1,45.419,132.872,623.4,13.01,15.41,5.328,10118.5,54105399.0,0.0541,117,0,12.0,0.5,6.0,0.25,25.5,17.5,4,Short
63,101,Patsy,1962,19620809,19620812,4,4,22.168,107.832,205270.3,113.08,191.4,19.234,723040.4,23491616583.0,23.4916,6387,0,72.0,3.0,36.0,1.5,25.7,17.7,13,Long
64,103,Sarah,1962,19620819,19620820,2,2,29.252,121.606,981.1,20.59,34.46,5.275,15294.5,105828263.0,0.1058,142,0,42.0,1.75,18.0,0.75,13.9,9.7,8,Moderate
65,106,Wanda,1962,19620830,19620905,7,7,23.218,112.589,389273.1,192.35,219.55,24.888,649875.7,44214713625.0,44.2147,5754,1,156.0,6.5,78.0,3.25,13.8,6.8,27,Extreme
66,107,Amy,1962,19620904,19620908,5,5,31.288,120.587,544223.1,236.84,235.51,40.968,852790.0,57324326210.0,57.3243,8413,0,120.0,5.0,30.0,1.25,34.2,14.7,20,Extreme
67,109,Babs,1962,19620915,19620917,3,3,19.318,109.86,11082.0,36.69,33.01,13.648,48043.9,1292969760.0,1.293,412,0,54.0,2.25,30.0,1.25,18.7,14.1,12,Moderate
68,110,Carla,1962,19620920,19620923,4,4,20.936,107.428,70934.5,87.78,159.38,13.107,406700.8,8186814430.0,8.1868,3568,0,72.0,3.0,36.0,1.5,19.9,9.6,13,Long
69,113,(nameless),1962,19620926,19620927,2,2,19.725,109.888,45805.3,131.44,154.69,34.337,105936.9,5330295290.0,5.3303,917,0,36.0,1.5,30.0,1.25,18.8,12.8,7,Moderate
70,114,Dinah,1962,19621003,19621004,2,2,24.766,114.758,112173.0,61.46,111.93,20.15,502883.5,12590429348.0,12.5904,4483,0,36.0,1.5,30.0,1.25,18.6,3.7,7,Moderate
71,120,Jean,1962,19621109,19621114,6,6,20.027,110.465,13919.9,47.91,43.15,6.929,86391.8,1616640567.0,1.6166,746,0,144.0,6.0,90.0,3.75,6.9,3.7,24,Extreme
72,128,Rose,1963,19630606,19630606,1,1,23.132,114.217,641.7,11.39,32.8,3.82,19115.5,72964817.0,0.073,168,0,12.0,0.5,6.0,0.25,13.1,12.8,2,Short
73,129,Shirley,1963,19630618,19630619,2,2,29.737,121.032,11131.1,39.03,57.42,8.338,109229.7,1194816156.0,1.1948,1014,0,42.0,1.75,30.0,1.25,30.6,21.0,8,Moderate
74,129,Shirley,1963,19630620,19630621,2,2,46.357,133.245,1459.6,20.68,27.28,4.914,24865.3,124460290.0,0.1245,287,0,30.0,1.25,12.0,0.5,44.7,25.5,8,Short
75,130,Trix,1963,19630629,19630701,3,3,24.817,117.151,114817.6,154.32,214.82,20.941,425076.2,12882462356.0,12.8825,3820,0,60.0,2.5,30.0,1.25,18.0,9.5,11,Long
76,132,Wendy,1963,19630716,19630719,4,4,26.854,117.336,319841.3,184.94,226.43,20.372,656925.2,35261088323.0,35.2611,6022,0,72.0,3.0,66.0,2.75,12.1,3.3,13,Long
77,133,Wendy(-)1,1963,19630718,19630719,2,2,32.148,117.053,149730.7,110.05,199.21,20.103,522191.7,15652620090.0,15.6526,4965,0,18.0,0.75,18.0,0.75,8.3,7.3,4,Short
78,134,Wendy(-)2,1963,19630719,19630720,2,2,37.275,119.09,227089.6,136.35,199.21,32.4,536634.1,22307803435.0,22.3078,5447,0,12.0,0.5,12.0,0.5,29.9,19.4,3,Short
79,136,Agnes,1963,19630721,19630725,5,5,21.821,109.335,239359.5,192.4,247.1,19.441,581637.9,27464337118.0,27.4643,5116,0,96.0,4.0,72.0,3.0,15.9,8.8,17,Extreme
80,138,(nameless),1963,19630729,19630802,5,5,22.606,109.093,172305.6,113.06,192.74,19.035,480493.7,19658337226.0,19.6583,4234,0,96.0,4.0,36.0,1.5,11.3,1.9,17,Extreme
81,139,Carmen,1963,19630815,19630818,4,4,21.704,107.704,211218.6,175.13,220.07,21.34,641063.8,24248397939.0,24.2484,5649,0,72.0,3.0,48.0,2.0,20.6,13.3,13,Long
82,140,(nameless),1963,19630821,19630824,4,4,21.99,107.123,65095.4,47.27,202.22,10.321,448647.7,7458331284.0,7.4583,3941,0,72.0,3.0,24.0,1.0,17.5,6.5,13,Long
83,143,(nameless),1963,19630828,19630831,4,4,21.459,106.975,35604.3,38.21,52.05,8.737,307869.8,4095204583.0,4.0952,2694,0,78.0,3.25,36.0,1.5,17.7,12.8,14,Long
84,145,(nameless),1963,19630902,19630903,2,2,18.399,109.577,124.5,9.93,12.0,4.613,2933.6,14612535.0,0.0146,25,0,48.0,2.0,42.0,1.75,9.1,5.4,8,Moderate
85,144,Faye,1963,19630905,19630909,5,5,20.815,110.631,242078.7,326.44,313.15,28.689,421344.4,27964527078.0,27.9645,3697,0,108.0,4.5,72.0,3.0,16.0,9.5,19,Extreme
86,146,Gloria,1963,19630910,19630915,6,6,27.391,118.956,358966.0,276.76,197.34,27.155,579762.7,39377156595.0,39.3772,5231,1,120.0,5.0,90.0,3.75,12.1,5.0,21,Extreme
87,149,(nameless),1963,19630922,19630922,1,1,18.593,109.991,224.3,8.81,10.27,4.577,5745.2,26282151.0,0.0263,49,0,24.0,1.0,6.0,0.25,22.7,17.4,4,Short
88,151,(nameless),1963,19631003,19631005,3,3,19.304,110.065,14703.1,88.0,113.33,14.124,45270.2,1715666621.0,1.7157,388,0,60.0,2.5,42.0,1.75,12.0,6.6,11,Long
89,161,Viola,1964,19640523,19640530,8,8,24.636,114.952,407130.6,190.35,192.5,25.294,788540.0,45731579317.0,45.7316,7078,1,162.0,6.75,72.0,3.0,11.0,5.1,28,Extreme
90,162,Winnie,1964,19640701,19640703,3,3,21.215,109.293,188840.0,197.85,198.92,25.025,506964.6,21754407464.0,21.7544,4460,0,60.0,2.5,48.0,2.0,24.2,16.2,11,Long
91,164,Betty,1964,19640704,19640706,3,3,27.477,119.755,1146.2,12.04,39.32,4.293,27169.0,125706673.0,0.1257,248,0,60.0,2.5,36.0,1.5,17.3,11.6,11,Long
92,168,Flossie,1964,19640727,19640801,6,6,42.51,125.487,302876.9,64.29,140.87,15.593,1010107.5,27505964445.0,27.506,10921,0,120.0,5.0,24.0,1.0,21.9,7.3,21,Extreme
93,170,Helen,1964,19640802,19640805,4,4,44.772,124.725,190392.5,41.18,108.23,13.958,997468.9,16689839011.0,16.6898,11361,0,90.0,3.75,24.0,1.0,35.8,18.4,16,Extreme
94,171,Ida,1964,19640808,19640810,3,3,23.851,110.022,440769.4,139.56,155.05,26.939,1022587.0,49816082831.0,49.8161,9122,0,60.0,2.5,42.0,1.75,22.4,10.1,11,Long
95,172,June,1964,19640813,19640818,6,6,22.41,112.626,136021.0,103.68,124.48,12.509,523445.1,15540580478.0,15.5406,4620,0,126.0,5.25,114.0,4.75,14.0,5.1,22,Extreme
96,177,Olga,1964,19640821,19640824,4,4,21.85,108.98,129669.0,113.68,139.51,15.518,319184.2,14873617570.0,14.8736,2796,0,84.0,3.5,84.0,3.5,5.3,3.5,15,Long
97,178,Ruby,1964,19640904,19640906,3,3,23.298,111.62,241791.8,162.0,198.77,22.142,771785.6,27448104880.0,27.4481,6870,0,54.0,2.25,30.0,1.25,21.5,12.6,10,Moderate
98,179,Sally,1964,19640909,19640911,3,3,23.51,112.916,172359.3,123.45,186.11,20.067,690162.8,19535483817.0,19.5355,6165,0,66.0,2.75,42.0,1.75,22.1,15.2,12,Long
99,180,Tilda,1964,19640914,19640923,10,10,20.923,111.687,98936.2,161.75,161.36,13.13,297075.8,11417979888.0,11.418,2609,0,210.0,8.75,144.0,6.0,13.4,3.9,37,Extreme
100,181,Violet,1964,19640914,19640916,3,3,19.034,109.546,7206.5,40.27,30.4,10.121,37208.8,842278965.0,0.8423,319,0,60.0,2.5,36.0,1.5,18.6,9.0,11,Long
101,182,(nameless),1964,19640917,19640917,1,1,23.578,117.46,41.7,12.14,12.26,8.334,566.9,4722037.0,0.0047,5,0,6.0,0.25,0.0,0.0,15.8,15.8,2,Short
102,185,Anita,1964,19640926,19640927,2,2,18.857,109.826,2080.9,19.07,21.89,6.364,35749.8,243472003.0,0.2435,306,0,42.0,1.75,36.0,1.5,18.8,17.9,8,Moderate
103,186,Billie,1964,19640930,19641001,2,2,19.849,109.745,13613.2,37.13,47.55,11.498,95078.6,1582882853.0,1.5829,822,0,36.0,1.5,24.0,1.0,30.3,25.4,7,Moderate
104,187,Clara,1964,19641006,19641008,3,3,19.456,109.869,57415.0,189.84,171.2,34.945,90894.3,6692898682.0,6.6929,785,0,54.0,2.25,42.0,1.75,21.2,17.7,10,Moderate
105,188,Dot,1964,19641011,19641015,5,5,26.175,117.258,284145.0,143.0,214.3,26.035,685284.5,31499878941.0,31.4999,6237,0,120.0,5.0,48.0,2.0,19.0,6.4,20,Extreme
106,191,Georgia,1964,19641022,19641024,3,3,19.633,109.926,47695.2,148.39,175.73,40.661,107621.1,5553710885.0,5.5537,931,0,54.0,2.25,36.0,1.5,28.9,21.2,10,Moderate
107,193,Iris,1964,19641103,19641104,2,2,18.286,109.788,170.3,42.84,44.01,15.482,1289.7,19993540.0,0.02,11,0,36.0,1.5,12.0,0.5,18.4,11.6,7,Moderate
108,209,Carla,1965,19650529,19650529,1,1,19.42,109.687,7980.0,37.56,82.01,14.562,63650.0,930415890.0,0.9304,548,0,24.0,1.0,6.0,0.25,28.2,15.7,4,Short
109,210,Babe,1965,19650531,19650605,6,6,24.23,115.4,69994.3,45.42,79.12,11.928,431177.7,7883805608.0,7.8838,3831,0,144.0,6.0,36.0,1.5,16.8,5.6,24,Extreme
110,211,(nameless),1965,19650609,19650612,4,4,21.273,108.927,94240.6,101.3,150.85,14.734,395423.3,10852434490.0,10.8524,3471,0,66.0,2.75,42.0,1.75,17.2,11.7,12,Long
111,212,Dinah,1965,19650618,19650619,2,2,27.079,119.097,47438.9,57.56,117.68,13.738,270718.0,5218034083.0,5.218,2471,0,42.0,1.75,18.0,0.75,42.0,20.7,8,Moderate
112,214,(nameless),1965,19650702,19650703,2,2,23.609,115.668,9675.9,22.02,34.48,6.776,125106.9,1096124251.0,1.0961,1105,0,24.0,1.0,6.0,0.25,22.7,20.4,5,Short
113,217,(nameless),1965,19650710,19650712,3,3,19.909,110.116,8915.2,33.9,34.39,7.672,78500.0,1036170303.0,1.0362,677,0,60.0,2.5,48.0,2.0,10.2,7.7,11,Long
114,216,Freda,1965,19650714,19650716,3,3,21.924,108.862,181597.1,122.66,187.67,21.094,683418.9,20818010918.0,20.818,6028,0,54.0,2.25,36.0,1.5,26.1,19.4,10,Moderate
115,218,Gilda,1965,19650720,19650720,1,1,22.839,113.737,17.1,2.74,3.17,1.708,1139.8,1945882.0,0.0019,10,0,24.0,1.0,12.0,0.5,24.0,17.8,4,Short
116,218,Gilda,1965,19650721,19650724,4,4,22.305,109.863,163606.4,111.12,222.25,14.318,748913.0,18707975103.0,18.708,6614,0,90.0,3.75,66.0,2.75,16.7,8.2,16,Extreme
117,220,Harriet,1965,19650726,19650729,4,4,31.06,118.761,336757.8,109.56,173.28,19.637,1251897.5,35508842775.0,35.5088,12068,0,90.0,3.75,30.0,1.25,37.5,18.6,16,Extreme
118,221,Harriet(-)1,1965,19650726,19650726,1,1,25.89,118.058,17923.0,29.74,118.85,10.81,184966.5,1993228262.0,1.9932,1658,0,6.0,0.25,6.0,0.25,11.6,11.6,2,Short
119,222,Jean,1965,19650806,19650808,3,3,45.2,130.855,152003.5,165.79,147.41,40.894,188749.2,13238098881.0,13.2381,2206,0,48.0,2.0,30.0,1.25,35.4,18.5,12,Moderate
120,226,Nadine,1965,19650814,19650819,6,6,20.358,110.456,53063.5,107.06,126.57,12.049,192700.6,6148752713.0,6.1488,1677,0,114.0,4.75,90.0,3.75,12.9,6.4,20,Extreme
121,225,Mary,1965,19650818,19650823,6,6,29.835,119.466,373601.0,193.15,225.12,28.816,657810.9,40025884143.0,40.0259,6198,1,138.0,5.75,60.0,2.5,16.7,7.5,24,Extreme
122,229,Polly,1965,19650901,19650902,2,2,19.041,109.734,11044.7,60.59,66.14,13.703,60964.9,1290779994.0,1.2908,525,0,42.0,1.75,36.0,1.5,24.4,14.2,8,Moderate
123,230,Rose,1965,19650903,19650906,4,4,22.489,109.403,131570.8,80.3,186.86,15.595,611969.6,15026257453.0,15.0263,5391,0,84.0,3.5,42.0,1.75,19.8,14.0,15,Long
124,235,Agnes,1965,19650925,19650929,5,5,22.461,112.986,224020.7,411.86,229.52,31.071,329004.3,25593122969.0,25.5931,2897,0,102.0,4.25,66.0,2.75,10.0,0.0,18,Extreme
125,239,Elaine,1965,19651109,19651113,5,5,21.993,112.087,114100.4,206.46,151.03,21.095,245663.3,13078314762.0,13.0783,2149,0,108.0,4.5,60.0,2.5,9.8,5.2,19,Extreme
126,245,Judy,1966,19660528,19660531,4,4,25.135,117.104,25614.6,29.82,78.5,7.962,221539.0,2866364411.0,2.8664,1979,0,84.0,3.5,42.0,1.75,24.1,9.4,16,Long
127,247,Lola,1966,19660712,19660714,3,3,23.358,113.409,136347.8,127.98,154.98,24.479,426070.2,15474599945.0,15.4746,3782,0,54.0,2.25,36.0,1.5,19.2,15.2,10,Moderate
128,248,Mamie,1966,19660716,19660718,3,3,22.44,110.407,84810.3,64.65,155.2,12.496,542583.7,9688804622.0,9.6888,4783,0,54.0,2.25,24.0,1.0,28.4,21.2,10,Moderate
129,249,Nina,1966,19660719,19660720,2,2,26.62,118.961,1067.7,9.94,17.75,3.306,32079.2,118000611.0,0.118,291,0,24.0,1.0,12.0,0.5,15.9,11.6,5,Short
130,252,Ora,1966,19660724,19660727,4,4,21.889,109.0,253407.1,171.31,182.39,25.42,638898.0,29060075460.0,29.0601,5642,0,84.0,3.5,54.0,2.25,16.4,12.1,15,Long
131,250,(nameless),1966,19660729,19660730,2,2,25.692,117.469,18596.3,31.45,136.23,8.106,204404.7,2071229568.0,2.0712,1850,0,24.0,1.0,12.0,0.5,20.5,17.9,5,Short
132,253,Phyllis,1966,19660731,19660803,4,4,21.797,107.352,54580.9,43.38,77.8,10.938,361942.6,6263163767.0,6.2632,3172,0,78.0,3.25,36.0,1.5,17.8,11.4,14,Long
133,256,Susan,1966,19660814,19660815,2,2,23.669,117.163,183.9,7.25,11.32,2.665,7355.4,20823337.0,0.0208,65,0,48.0,2.0,12.0,0.5,19.0,8.9,8,Moderate
134,256,Susan,1966,19660816,19660818,3,3,28.688,120.808,14998.6,77.52,123.62,13.71,83569.1,1626255283.0,1.6263,778,0,54.0,2.25,24.0,1.0,20.6,15.2,10,Moderate
135,257,Tess,1966,19660814,19660819,6,6,26.1,117.819,277145.9,163.64,149.22,23.583,522725.0,30756859161.0,30.7569,4740,0,132.0,5.5,78.0,3.25,10.6,6.2,23,Extreme
136,259,Winnie,1966,19660824,19660828,5,5,44.522,123.29,339456.6,79.65,149.42,18.848,1032831.0,29892317283.0,29.8923,11797,0,114.0,4.75,36.0,1.5,24.5,12.6,20,Extreme
137,260,Betty,1966,19660829,19660830,2,2,31.31,121.573,3.9,1.53,1.56,1.316,316.9,417026.0,0.0004,3,0,48.0,2.0,24.0,1.0,13.0,11.1,8,Moderate
138,260,Betty,1966,19660831,19660831,1,1,42.264,129.498,236.1,9.06,11.54,4.217,5121.8,21605844.0,0.0216,56,0,12.0,0.5,6.0,0.25,30.7,25.6,4,Short
139,263,(nameless),1966,19660901,19660902,2,2,19.295,109.876,18295.7,67.02,66.01,22.87,50121.0,2134964282.0,2.135,430,0,24.0,1.0,12.0,0.5,19.4,16.8,5,Short
140,261,Alice,1966,19660902,19660904,3,3,26.797,118.297,118359.4,108.0,149.85,16.216,518853.1,13057705860.0,13.0577,4691,0,60.0,2.5,42.0,1.75,18.5,6.5,11,Long
141,262,Cora,1966,19660905,19660909,5,5,30.752,120.121,246178.9,152.32,161.28,28.739,496424.9,26133483657.0,26.1335,4698,0,108.0,4.5,42.0,1.75,19.3,6.3,19,Extreme
142,266,Elsie,1966,19660909,19660910,2,2,20.455,110.576,3510.8,14.2,33.23,5.264,77052.4,406539464.0,0.4065,667,0,48.0,2.0,30.0,1.25,21.0,10.5,8,Moderate
143,266,Elsie,1966,19660913,19660916,4,4,25.395,118.287,3028.7,9.86,17.67,3.489,78951.8,338248852.0,0.3382,705,0,96.0,4.0,48.0,2.0,12.4,4.1,16,Extreme
144,268,(nameless),1966,19660913,19660913,1,1,25.8,119.193,4.3,2.06,2.17,1.441,334.3,481258.0,0.0005,3,0,24.0,1.0,12.0,0.5,17.4,15.2,4,Short
145,290,Violet,1967,19670409,19670412,4,4,25.456,118.154,419.3,6.99,11.73,2.62,17312.3,46804475.0,0.0468,155,0,72.0,3.0,24.0,1.0,14.2,5.8,13,Long
146,294,(nameless),1967,19670625,19670626,2,2,20.319,110.682,10398.1,28.9,81.32,8.392,134990.6,1205112911.0,1.2051,1174,0,36.0,1.5,18.0,0.75,21.0,17.3,7,Moderate
147,293,Anita,1967,19670629,19670630,2,2,23.941,114.542,63131.6,75.7,138.31,19.113,339086.0,7132941426.0,7.1329,3025,0,42.0,1.75,24.0,1.0,24.7,18.1,8,Moderate
148,295,Billie,1967,19670707,19670708,2,2,29.158,121.408,1212.6,12.51,19.01,4.718,23967.0,130915690.0,0.1309,222,0,48.0,2.0,24.0,1.0,19.1,13.1,8,Moderate
149,296,Clara,1967,19670710,19670712,3,3,26.188,118.24,28780.4,39.91,58.35,10.095,207351.3,3192578277.0,3.1926,1877,0,54.0,2.25,24.0,1.0,16.4,12.1,10,Moderate
150,297,(nameless),1967,19670722,19670722,1,1,31.649,121.111,221.8,5.66,8.79,2.808,8345.9,23339952.0,0.0233,79,0,12.0,0.5,0.0,0.0,13.8,13.2,3,Short
151,299,Dot,1967,19670726,19670726,1,1,30.79,120.929,38.3,2.91,3.04,1.664,2443.2,4064999.0,0.0041,23,0,18.0,0.75,6.0,0.25,13.9,8.7,4,Short
152,299,Dot,1967,19670727,19670731,5,5,42.175,124.444,267141.0,75.87,170.96,13.837,1122249.1,24440507651.0,24.4405,12412,0,102.0,4.25,36.0,1.5,24.1,10.3,18,Extreme
153,302,Fran,1967,19670727,19670728,2,2,19.257,110.165,1299.8,22.92,31.21,7.427,18924.3,151714957.0,0.1517,162,0,30.0,1.25,6.0,0.25,20.9,9.1,5,Short
154,302,Fran,1967,19670730,19670804,6,6,23.015,110.862,403221.9,209.11,252.78,24.458,920788.8,45857898885.0,45.8579,8258,1,132.0,5.5,78.0,3.25,11.0,5.6,23,Extreme
155,304,(nameless),1967,19670730,19670731,2,2,26.502,118.758,41705.3,78.02,131.33,12.27,346141.4,4613542254.0,4.6135,3137,0,42.0,1.75,24.0,1.0,22.9,15.1,8,Moderate
156,307,(nameless),1967,19670809,19670811,3,3,22.264,112.025,54928.0,37.64,80.4,9.816,407162.4,6282059721.0,6.2821,3585,0,60.0,2.5,36.0,1.5,14.8,10.4,11,Long
157,309,Iris,1967,19670815,19670818,4,4,22.759,110.251,318747.9,138.89,180.36,19.191,847136.1,36324387424.0,36.3244,7506,0,78.0,3.25,66.0,2.75,16.1,6.4,14,Long
158,311,Kate,1967,19670819,19670822,4,4,23.136,111.702,181136.9,101.49,145.61,20.008,603158.8,20588773456.0,20.5888,5350,0,78.0,3.25,30.0,1.25,18.1,8.9,14,Long
159,315,(nameless),1967,19670825,19670826,2,2,19.253,109.905,8844.2,35.68,65.31,14.716,48620.6,1032312318.0,1.0323,417,0,36.0,1.5,18.0,0.75,27.6,17.0,7,Moderate
160,314,Marge,1967,19670829,19670830,2,2,24.104,116.404,23693.2,78.28,146.71,29.36,88095.7,2673983746.0,2.674,778,0,24.0,1.0,6.0,0.25,14.4,12.3,5,Short
161,316,Nora,1967,19670829,19670831,3,3,25.103,112.992,174381.6,67.67,146.71,17.403,840195.9,19517250184.0,19.5173,7548,0,54.0,2.25,24.0,1.0,27.9,22.4,10,Moderate
162,317,Nora(-)1,1967,19670829,19670830,2,2,24.611,116.235,41127.4,57.83,146.71,16.295,279229.1,4622493323.0,4.6225,2495,0,18.0,0.75,18.0,0.75,17.7,13.8,4,Short
163,319,Patsy,1967,19670903,19670907,5,5,21.013,109.649,91472.8,111.82,203.5,19.45,283453.2,10553354255.0,10.5534,2475,0,96.0,4.0,42.0,1.75,22.1,16.2,17,Extreme
164,323,(nameless),1967,19670914,19670914,1,1,22.717,114.484,238.7,4.75,7.32,2.539,10719.2,27221687.0,0.0272,94,0,24.0,1.0,6.0,0.25,19.5,17.0,4,Short
165,328,(nameless),1967,19670921,19670924,4,4,19.396,110.071,32229.6,133.31,141.62,19.105,97061.5,3758372922.0,3.7584,841,0,78.0,3.25,60.0,2.5,14.0,9.1,14,Long
166,331,(nameless),1967,19671008,19671008,1,1,18.714,110.229,481.1,25.2,29.8,9.433,5976.3,56335746.0,0.0563,51,0,24.0,1.0,12.0,0.5,22.0,19.8,4,Short
167,333,Carla,1967,19671018,19671020,3,3,22.326,110.575,45664.6,30.83,196.28,8.912,384670.4,5221388320.0,5.2214,3374,0,48.0,2.0,24.0,1.0,22.8,17.4,9,Moderate
168,335,Emma,1967,19671106,19671106,1,1,22.711,115.32,20.3,3.0,3.18,2.031,1140.6,2316318.0,0.0023,10,0,24.0,1.0,6.0,0.25,13.1,11.9,4,Short
169,335,Emma,1967,19671107,19671108,2,2,22.384,111.252,58224.0,101.11,125.54,15.668,302958.9,6655266566.0,6.6553,2666,0,36.0,1.5,36.0,1.5,13.8,7.1,7,Moderate
170,337,Gilda,1967,19671118,19671119,2,2,29.289,120.534,42794.4,73.44,78.8,14.731,224067.1,4612854642.0,4.6129,2081,0,36.0,1.5,18.0,0.75,20.6,13.4,7,Moderate
171,338,Gilda(-)1,1967,19671118,19671119,2,2,27.266,120.043,8879.7,57.54,78.02,11.044,53635.1,975863787.0,0.9759,486,0,18.0,0.75,12.0,0.5,8.1,5.8,4,Short
172,345,(nameless),1968,19680603,19680604,2,2,22.485,113.523,5154.0,15.22,46.29,6.092,96217.4,588593476.0,0.5886,843,0,48.0,2.0,30.0,1.25,9.5,6.4,8,Moderate
173,345,(nameless),1968,19680605,19680606,2,2,19.194,109.952,8867.8,65.42,107.91,12.0,56369.1,1035391727.0,1.0354,485,0,30.0,1.25,18.0,0.75,14.2,11.9,6,Short
174,351,Olive,1968,19680723,19680724,2,2,19.352,109.888,8062.5,32.62,43.66,11.276,48159.1,940495989.0,0.9405,413,0,48.0,2.0,30.0,1.25,11.7,7.1,8,Moderate
175,351,Olive,1968,19680726,19680726,1,1,23.311,116.556,7392.8,82.2,129.94,61.098,13744.3,839449835.0,0.8394,121,0,0.0,0.0,0.0,0.0,,,1,Short
176,349,Nadine,1968,19680725,19680728,4,4,24.071,116.803,33033.3,77.78,129.94,12.087,180331.0,3728422067.0,3.7284,1602,0,90.0,3.75,78.0,3.25,15.2,4.1,16,Extreme
177,350,Nadine(-)1,1968,19680725,19680725,1,1,26.412,119.561,737.8,6.36,10.23,2.753,29665.7,81700538.0,0.0817,268,0,6.0,0.25,6.0,0.25,15.5,15.5,2,Short
178,354,(nameless),1968,19680803,19680806,4,4,21.477,109.117,55236.4,56.21,79.38,9.502,366126.2,6352327298.0,6.3523,3208,0,84.0,3.5,48.0,2.0,15.8,10.2,15,Long
179,356,Rose,1968,19680811,19680813,3,3,20.867,109.404,97567.7,130.17,176.51,22.327,300506.8,11267244245.0,11.2672,2628,0,66.0,2.75,48.0,2.0,18.3,15.1,12,Long
180,355,Polly,1968,19680813,19680815,3,3,30.025,120.974,6562.7,22.6,56.4,5.41,85529.3,702306759.0,0.7023,793,0,72.0,3.0,48.0,2.0,16.5,5.8,12,Long
181,355,Polly,1968,19680816,19680818,3,3,46.285,131.605,94396.8,77.24,77.97,25.707,187544.8,8063230360.0,8.0632,2189,0,36.0,1.5,18.0,0.75,39.2,13.7,9,Moderate
182,358,Shirley,1968,19680820,19680823,4,4,24.0,111.894,398299.7,163.52,177.04,23.133,968370.4,44965809960.0,44.9658,8691,0,84.0,3.5,60.0,2.5,15.8,9.3,15,Long
183,365,Bess,1968,19680829,19680910,13,13,21.291,110.884,138005.9,176.27,134.82,14.936,424311.1,15888718497.0,15.8887,3736,0,288.0,12.0,174.0,7.25,12.2,4.0,49,Extreme
184,362,Wendy,1968,19680905,19680909,5,5,22.163,109.675,91955.8,73.76,157.93,13.876,483301.3,10526694051.0,10.5267,4247,0,108.0,4.5,36.0,1.5,16.3,5.1,19,Extreme
185,363,Wendy(-)1,1968,19680906,19680906,1,1,28.023,120.411,3778.3,13.38,26.79,5.707,72458.7,412331192.0,0.4123,662,0,12.0,0.5,12.0,0.5,14.8,12.5,3,Short
186,369,Elaine,1968,19680929,19681002,4,4,24.888,117.425,74396.0,129.17,131.67,13.658,303112.1,8342381573.0,8.3424,2723,0,72.0,3.0,42.0,1.75,11.0,7.8,13,Long
187,385,Tess,1969,19690710,19690711,2,2,18.872,109.52,3038.3,23.36,33.29,6.265,40031.7,355458901.0,0.3555,343,0,36.0,1.5,24.0,1.0,21.5,16.9,7,Moderate
188,388,(nameless),1969,19690722,19690725,4,4,22.228,108.094,111882.6,63.23,225.82,12.624,511509.0,12798591911.0,12.7986,4509,0,78.0,3.25,42.0,1.75,18.3,9.9,14,Long
189,387,Viola,1969,19690727,19690731,5,5,23.764,108.862,662035.3,174.03,217.77,30.332,1253321.6,74884521885.0,74.8845,11183,0,102.0,4.25,54.0,2.25,20.5,13.5,18,Extreme
190,389,Winnie,1969,19690802,19690802,1,1,25.138,118.96,105.7,7.75,10.65,3.021,3920.4,11833941.0,0.0118,35,0,12.0,0.5,6.0,0.25,19.1,17.4,3,Short
191,391,Betty,1969,19690807,19690811,5,5,28.501,114.292,497466.4,165.01,261.48,22.524,1102612.7,54006683761.0,54.0067,10193,0,96.0,4.0,60.0,2.5,18.6,6.1,18,Extreme
192,393,Doris,1969,19690831,19690903,4,4,19.444,109.915,17872.0,61.27,50.67,18.52,61053.2,2083531919.0,2.0835,525,0,72.0,3.0,36.0,1.5,23.1,17.8,13,Long
193,396,(nameless),1969,19690909,19690912,4,4,25.394,118.532,490.0,5.83,10.49,2.258,22114.6,54731294.0,0.0547,198,0,96.0,4.0,54.0,2.25,10.8,6.3,16,Extreme
194,398,(nameless),1969,19690913,19690915,3,3,29.013,120.419,104258.2,112.9,130.9,26.802,270311.8,11268661311.0,11.2687,2503,0,66.0,2.75,18.0,0.75,32.9,13.9,12,Long
195,400,Elsie,1969,19690926,19690930,5,5,30.206,117.297,590220.6,129.16,273.45,27.746,1289362.9,62951265040.0,62.9513,12087,0,108.0,4.5,48.0,2.0,31.2,18.8,20,Extreme
196,402,Flossie,1969,19691002,19691004,3,3,25.41,119.111,55.0,8.07,6.34,2.199,2230.6,6140096.0,0.0061,20,0,72.0,3.0,72.0,3.0,6.5,0.0,12,Long
197,404,(nameless),1969,19691004,19691004,1,1,18.288,109.958,45.6,30.71,31.59,22.812,234.8,5356096.0,0.0054,2,0,24.0,1.0,6.0,0.25,7.4,5.4,4,Short
198,415,(nameless),1970,19700612,19700614,3,3,23.929,116.65,10109.9,48.01,111.24,15.135,65415.7,1142058931.0,1.1421,590,0,72.0,3.0,18.0,0.75,30.8,10.7,12,Long
199,415,(nameless),1970,19700615,19700616,2,2,37.408,120.754,21117.4,35.73,41.78,8.918,177753.8,2073288038.0,2.0733,1814,0,42.0,1.75,42.0,1.75,18.5,8.2,8,Moderate
200,416,(nameless),1970,19700614,19700615,2,2,18.774,109.624,1985.4,20.67,29.13,7.273,31671.3,232420054.0,0.2324,271,0,36.0,1.5,12.0,0.5,29.1,26.5,6,Moderate
201,416,(nameless),1970,19700616,19700617,2,2,26.869,118.754,100.1,2.8,4.63,1.615,6824.9,11040616.0,0.011,62,0,42.0,1.75,18.0,0.75,21.0,14.6,8,Moderate
202,417,(nameless),1970,19700620,19700624,5,5,21.442,109.273,82449.9,87.28,165.21,13.822,313519.1,9484411048.0,9.4844,2744,0,90.0,3.75,60.0,2.5,12.7,8.2,16,Extreme
203,419,Olga,1970,19700703,19700703,1,1,29.13,121.582,287.8,11.35,17.91,4.361,7139.2,31082891.0,0.0311,66,0,24.0,1.0,6.0,0.25,19.0,14.8,4,Short
204,421,Ruby,1970,19700715,19700717,3,3,26.898,115.512,263290.2,77.8,136.54,17.534,1187624.5,28971728653.0,28.9717,10966,0,60.0,2.5,30.0,1.25,26.0,11.8,11,Long
205,427,(nameless),1970,19700801,19700805,5,5,23.607,110.496,464308.8,215.44,246.61,24.018,1076010.7,52574775670.0,52.5748,9658,0,102.0,4.25,60.0,2.5,17.0,6.2,18,Extreme
206,428,(nameless)(-)1,1970,19700801,19700802,2,2,25.747,118.24,15191.2,22.38,36.89,7.759,209831.8,1691284967.0,1.6913,1891,0,24.0,1.0,24.0,1.0,10.0,9.2,5,Short
207,431,Violet,1970,19700808,19700810,3,3,23.317,107.993,123525.7,58.27,128.38,13.31,671151.7,14022871296.0,14.0229,5940,0,48.0,2.0,18.0,0.75,27.4,17.4,9,Moderate
208,434,(nameless),1970,19700816,19700819,4,4,19.157,109.87,32216.9,144.32,133.74,22.295,63114.5,3762613077.0,3.7626,543,0,72.0,3.0,60.0,2.5,19.8,6.5,13,Long
209,433,Anita,1970,19700821,19700822,2,2,44.66,132.134,4403.1,38.83,44.84,22.016,17369.1,387145959.0,0.3871,198,0,24.0,1.0,6.0,0.25,43.6,29.8,8,Short
210,437,Billie,1970,19700829,19700901,4,4,44.081,128.222,74615.7,30.37,67.03,12.632,479720.6,6615767091.0,6.6158,5340,0,72.0,3.0,6.0,0.25,24.2,8.8,13,Long
211,440,(nameless),1970,19700830,19700904,6,6,25.298,118.431,30682.1,93.46,144.57,12.229,101605.1,3429031859.0,3.429,913,0,126.0,5.25,84.0,3.5,7.8,2.5,22,Extreme
212,443,(nameless),1970,19700903,19700905,3,3,21.179,110.073,76186.3,74.84,127.93,18.2,257179.6,8780292204.0,8.7803,2246,0,48.0,2.0,48.0,2.0,15.4,5.8,9,Moderate
213,442,Ellen,1970,19700905,19700905,1,1,28.063,121.406,81.9,13.2,13.64,9.095,981.5,8930992.0,0.0089,9,0,18.0,0.75,6.0,0.25,29.3,14.0,4,Short
214,441,Fran,1970,19700906,19700910,5,5,25.727,116.254,314749.2,116.56,145.74,16.602,964236.5,35033311968.0,35.0333,8777,0,114.0,4.75,90.0,3.75,16.0,8.6,20,Extreme
215,444,Georgia,1970,19700912,19700915,4,4,24.344,115.79,182429.5,205.99,245.0,23.878,566290.7,20541742170.0,20.5417,5120,0,84.0,3.5,60.0,2.5,15.2,11.6,15,Long
216,448,(nameless),1970,19700927,19700927,1,1,19.59,110.115,20813.7,151.3,199.5,51.139,47466.5,2424292720.0,2.4243,407,0,18.0,0.75,12.0,0.5,28.6,27.2,4,Short
217,449,(nameless),1970,19701002,19701002,1,1,19.324,109.961,1840.5,10.03,16.58,5.001,42946.2,214734811.0,0.2147,368,0,18.0,0.75,12.0,0.5,24.6,18.6,4,Short
218,451,Iris,1970,19701003,19701004,2,2,18.811,109.915,200.5,4.96,8.5,2.387,9836.0,23465851.0,0.0235,84,0,48.0,2.0,30.0,1.25,9.7,7.4,8,Moderate
219,451,Iris,1970,19701005,19701008,4,4,23.343,114.81,27526.2,49.9,67.23,9.538,198467.6,3124604485.0,3.1246,1745,0,78.0,3.25,54.0,2.25,10.8,4.1,14,Long
220,453,Joan,1970,19701015,19701018,4,4,22.383,111.065,318732.6,214.87,279.41,46.14,409965.1,36415754542.0,36.4158,3607,0,90.0,3.75,54.0,2.25,13.4,6.5,16,Extreme
221,454,Kate,1970,19701024,19701025,2,2,19.259,109.671,543.7,6.25,10.34,2.482,22303.9,63457296.0,0.0635,191,0,48.0,2.0,42.0,1.75,16.5,13.7,8,Moderate
222,457,Marge,1970,19701106,19701108,3,3,19.21,109.891,15630.5,92.05,91.85,15.491,56795.2,1824848934.0,1.8248,488,0,48.0,2.0,42.0,1.75,12.4,9.1,9,Moderate
223,460,Patsy,1970,19701121,19701122,2,2,19.307,110.01,15127.1,104.24,173.98,21.039,46885.5,1765123300.0,1.7651,402,0,30.0,1.25,30.0,1.25,21.0,13.6,6,Short
224,467,Wanda,1971,19710501,19710504,4,4,20.642,109.828,47757.6,77.44,198.98,19.111,223283.3,5522814425.0,5.5228,1948,0,72.0,3.0,36.0,1.5,10.5,2.5,13,Long
225,469,Babe,1971,19710505,19710505,1,1,23.673,117.502,210.6,18.04,18.68,15.045,1585.4,23851959.0,0.0239,14,0,24.0,1.0,6.0,0.25,25.6,22.8,4,Short
226,472,Dinah,1971,19710528,19710531,4,4,21.71,109.791,220903.4,199.78,260.86,22.228,510597.9,25359806073.0,25.3598,4510,0,78.0,3.25,66.0,2.75,13.9,7.9,14,Long
227,475,(nameless),1971,19710614,19710617,4,4,19.091,109.83,4543.7,23.99,21.12,6.454,43184.6,530881066.0,0.5309,370,0,72.0,3.0,42.0,1.75,8.6,5.6,13,Long
228,474,Freda,1971,19710616,19710619,4,4,26.46,114.823,395455.6,126.61,216.85,24.773,1161086.7,43700741218.0,43.7007,10630,0,84.0,3.5,42.0,1.75,22.1,13.1,15,Long
229,476,Gilda,1971,19710626,19710629,4,4,22.861,108.951,237778.5,132.5,188.43,20.787,792609.0,27062991753.0,27.063,7086,0,72.0,3.0,36.0,1.5,26.2,19.7,13,Long
230,477,Harriet,1971,19710705,19710707,3,3,19.624,109.274,21022.0,78.01,79.86,11.082,130987.9,2447572095.0,2.4476,1138,0,66.0,2.75,54.0,2.25,17.8,12.8,12,Long
231,479,Kim,1971,19710711,19710713,3,3,20.334,108.935,52567.5,115.77,132.61,22.698,146357.6,6092617333.0,6.0926,1271,0,66.0,2.75,42.0,1.75,18.5,15.9,12,Long
232,480,Jean,1971,19710716,19710718,3,3,21.507,108.57,35624.5,40.18,50.84,9.731,251114.4,4096023730.0,4.096,2195,0,54.0,2.25,24.0,1.0,20.1,15.9,10,Moderate
233,482,Lucy(-)1,1971,19710720,19710721,2,2,25.804,118.149,1671.8,7.29,15.58,2.791,65838.6,186058240.0,0.1861,592,0,30.0,1.25,30.0,1.25,8.2,2.5,6,Short
234,481,Lucy,1971,19710721,19710723,3,3,22.814,110.442,239655.4,134.52,157.91,23.724,849393.8,27306078201.0,27.3061,7535,0,66.0,2.75,42.0,1.75,23.9,11.7,12,Long
235,484,Nadine,1971,19710725,19710727,3,3,24.853,115.094,243692.0,137.22,149.96,29.403,659459.9,27331624663.0,27.3316,5966,0,60.0,2.5,36.0,1.5,24.9,17.1,11,Long
236,485,Olive,1971,19710806,19710806,1,1,43.469,130.562,3810.6,20.42,30.67,6.267,54315.5,341914261.0,0.3419,608,0,24.0,1.0,18.0,0.75,36.8,35.1,4,Short
237,485,Olive,1971,19710807,19710807,1,1,46.33,133.898,26.5,6.39,6.48,3.787,597.1,2263235.0,0.0023,7,0,6.0,0.25,6.0,0.25,32.1,26.9,4,Short
238,486,Polly,1971,19710809,19710810,2,2,36.466,122.001,6637.2,26.94,65.05,6.914,96751.9,657908666.0,0.6579,945,0,48.0,2.0,24.0,1.0,27.4,25.3,8,Moderate
239,486,Polly,1971,19710811,19710811,1,1,41.919,126.418,3.7,1.36,1.38,1.233,276.0,340320.0,0.0003,3,0,24.0,1.0,6.0,0.25,30.4,27.1,4,Short
240,487,(nameless),1971,19710810,19710810,1,1,24.316,116.006,197.5,6.16,9.02,2.565,8676.8,22249512.0,0.0222,77,0,6.0,0.25,0.0,0.0,17.3,17.3,2,Short
241,488,Rose,1971,19710815,19710817,3,3,22.893,113.204,71115.5,99.86,161.54,14.478,399763.1,8098701157.0,8.0987,3532,0,54.0,2.25,42.0,1.75,13.9,10.6,10,Moderate
242,492,(nameless),1971,19710830,19710901,3,3,20.199,110.022,17932.9,56.9,138.45,9.519,144773.6,2080405467.0,2.0804,1258,0,54.0,2.25,42.0,1.75,20.7,10.7,10,Moderate
243,495,Agnes,1971,19710918,19710919,2,2,26.78,119.16,71185.7,129.87,174.81,27.861,272522.8,7855501189.0,7.8555,2465,0,42.0,1.75,30.0,1.25,15.0,5.0,8,Moderate
244,498,Bess,1971,19710922,19710926,5,5,31.845,119.887,414966.7,151.62,270.56,30.75,873365.1,43450962469.0,43.451,8453,0,114.0,4.75,36.0,1.5,28.6,19.9,20,Extreme
245,500,Della,1971,19710928,19710930,3,3,19.905,109.965,65257.7,173.11,137.43,26.24,188751.2,7584943946.0,7.5849,1642,0,66.0,2.75,48.0,2.0,22.7,19.4,12,Long
246,501,(nameless),1971,19710929,19710930,2,2,19.03,109.833,28320.9,176.57,131.75,60.774,42492.2,3310181544.0,3.3102,364,0,30.0,1.25,6.0,0.25,12.7,8.2,6,Short
247,502,Elaine,1971,19711007,19711009,3,3,19.357,109.817,53681.4,172.17,253.79,41.971,88645.1,6261624880.0,6.2616,766,0,60.0,2.5,42.0,1.75,16.9,6.6,11,Long
248,507,Hester,1971,19711023,19711023,1,1,19.259,109.621,10250.2,80.25,128.87,33.388,35868.4,1196411617.0,1.1964,307,0,18.0,0.75,18.0,0.75,25.7,22.0,4,Short
249,519,Mamie,1972,19720602,19720604,3,3,20.253,109.877,42391.1,102.87,132.14,20.38,163594.6,4915483913.0,4.9155,1423,0,54.0,2.25,12.0,0.5,17.4,11.3,10,Moderate
250,521,(nameless),1972,19720609,19720612,4,4,24.375,116.491,22427.9,32.93,43.4,6.639,263978.5,2524641922.0,2.5246,2345,0,66.0,2.75,30.0,1.25,23.1,10.2,13,Long
251,522,Ora,1972,19720626,19720628,3,3,22.811,108.845,117683.7,70.52,153.84,15.886,595540.4,13405695053.0,13.4057,5260,0,54.0,2.25,36.0,1.5,19.3,12.6,10,Moderate
252,525,(nameless),1972,19720705,19720708,4,4,19.409,109.838,5547.3,32.58,51.62,7.232,53718.4,646834178.0,0.6468,462,0,90.0,3.75,36.0,1.5,10.1,0.0,16,Extreme
253,524,Susan,1972,19720708,19720717,10,10,26.934,116.991,202859.9,111.6,169.99,12.43,876189.2,22336732519.0,22.3367,8055,0,216.0,9.0,72.0,3.0,10.5,1.9,37,Extreme
254,523,Rita,1972,19720722,19720722,1,1,29.552,121.524,805.4,10.79,19.72,4.425,19618.5,86628568.0,0.0866,182,0,24.0,1.0,18.0,0.75,11.8,9.4,4,Short
255,523,Rita,1972,19720725,19720725,1,1,31.217,121.57,8.8,2.73,2.98,1.756,528.7,928244.0,0.0009,5,0,24.0,1.0,6.0,0.25,28.1,19.2,4,Short
256,523,Rita,1972,19720726,19720730,5,5,41.063,118.178,228079.2,57.24,118.29,12.317,1132922.3,21215813155.0,21.2158,12368,0,96.0,4.0,30.0,1.25,27.3,14.0,17,Extreme
257,527,Tess,1972,19720724,19720725,2,2,43.055,128.477,52775.0,60.86,65.67,19.923,140670.8,4767337923.0,4.7673,1558,0,18.0,0.75,12.0,0.5,22.2,19.0,5,Short
258,530,Winnie,1972,19720801,19720804,4,4,29.199,118.561,209589.8,149.76,162.41,16.23,651449.0,22611368598.0,22.6114,6097,0,84.0,3.5,72.0,3.0,14.7,3.7,15,Long
259,532,Betty,1972,19720816,19720820,5,5,26.839,116.646,544069.2,178.57,179.28,22.884,939988.9,59978030279.0,59.978,8603,0,96.0,4.0,72.0,3.0,14.3,1.9,17,Extreme
260,533,Cora,1972,19720824,19720829,6,6,21.383,108.23,113562.7,128.42,159.83,15.326,550350.2,13067816729.0,13.0678,4841,0,126.0,5.25,36.0,1.5,13.3,5.3,22,Extreme
261,535,Elsie,1972,19720901,19720904,4,4,18.933,109.753,9898.6,66.98,65.93,13.541,40868.6,1157633271.0,1.1576,350,0,96.0,4.0,72.0,3.0,11.7,4.0,16,Extreme
262,537,Flossie,1972,19720913,19720917,5,5,18.779,109.699,2398.2,24.98,24.01,5.028,23638.4,280737024.0,0.2807,202,0,102.0,4.25,66.0,2.75,9.3,7.1,20,Extreme
263,543,Lorna,1972,19721001,19721003,3,3,20.14,109.544,16047.7,43.14,51.62,10.074,109813.6,1862403266.0,1.8624,950,0,60.0,2.5,36.0,1.5,23.7,16.9,11,Long
264,547,Pamela,1972,19721107,19721109,3,3,26.695,114.286,451972.9,95.23,198.69,30.013,1324966.5,49789970922.0,49.79,12070,0,72.0,3.0,18.0,0.75,45.7,18.2,12,Long
265,550,Therese,1972,19721210,19721210,1,1,18.415,109.883,15.6,2.22,2.31,1.56,1173.1,1830426.0,0.0018,10,0,18.0,0.75,6.0,0.25,16.8,16.2,4,Short
266,552,Wilda,1973,19730701,19730706,6,6,27.586,116.501,352580.2,132.67,209.65,17.373,1084105.2,38608906001.0,38.6089,9990,0,120.0,5.0,72.0,3.0,15.4,6.1,21,Extreme
267,553,Anita,1973,19730707,19730709,3,3,20.802,108.093,39431.1,66.03,117.43,14.88,187403.5,4555501960.0,4.5555,1632,0,48.0,2.0,36.0,1.5,21.6,17.5,9,Moderate
268,555,Dot,1973,19730714,19730719,6,6,24.61,115.301,279404.0,114.71,204.16,20.332,800690.5,31378391108.0,31.3784,7204,0,144.0,6.0,42.0,1.75,18.0,6.6,24,Extreme
269,555,Dot,1973,19730720,19730720,1,1,40.429,123.426,24391.5,53.68,82.49,18.821,122021.9,2294594658.0,2.2946,1296,0,18.0,0.75,0.0,0.0,34.7,31.1,4,Short
270,554,Billie,1973,19730716,19730720,5,5,41.776,121.451,286913.5,80.97,134.79,20.096,906154.0,26390146444.0,26.3901,9676,0,96.0,4.0,12.0,0.5,23.0,13.9,17,Extreme
271,559,Georgia,1973,19730806,19730815,10,10,25.11,112.268,596693.5,169.55,228.76,20.25,1169296.1,66712101827.0,66.7121,10584,0,216.0,9.0,66.0,2.75,9.4,0.0,37,Extreme
272,560,Iris,1973,19730816,19730816,1,1,30.61,121.439,3335.7,18.74,47.0,7.067,50114.6,354918946.0,0.3549,472,0,24.0,1.0,24.0,1.0,23.1,18.8,4,Short
273,560,Iris,1973,19730817,19730818,2,2,45.787,131.878,16764.4,30.79,83.56,10.31,130626.9,1444996272.0,1.445,1497,0,36.0,1.5,12.0,0.5,51.4,30.9,8,Moderate
274,563,Joan,1973,19730820,19730823,4,4,22.429,110.332,164971.8,82.49,218.71,22.549,514858.2,18847520214.0,18.8475,4526,0,72.0,3.0,30.0,1.25,27.7,10.5,13,Long
275,564,Joan(-)1,1973,19730820,19730821,2,2,25.611,117.639,32197.8,47.09,87.83,11.25,217273.9,3587933775.0,3.5879,1951,0,42.0,1.75,42.0,1.75,8.4,4.1,8,Moderate
276,565,Kate,1973,19730822,19730827,6,6,20.949,109.122,155852.6,199.78,242.88,17.383,494078.0,17987548461.0,17.9875,4336,1,120.0,5.0,66.0,2.75,19.8,9.0,21,Extreme
277,566,(nameless),1973,19730825,19730827,3,3,28.06,120.326,40768.6,111.17,197.99,17.209,219678.1,4446926563.0,4.4469,2007,0,60.0,2.5,30.0,1.25,9.4,4.1,11,Long
278,567,(nameless),1973,19730828,19730903,7,7,22.252,110.114,292664.8,171.96,232.51,16.591,543471.0,33478305233.0,33.4783,4786,0,144.0,6.0,126.0,5.25,8.8,4.0,25,Extreme
279,568,Louise,1973,19730904,19730908,5,5,22.32,107.912,128689.9,60.24,187.87,13.742,668255.3,14712762721.0,14.7128,5889,0,96.0,4.0,42.0,1.75,16.3,7.9,17,Extreme
280,569,Marge,1973,19730913,19730915,3,3,20.293,109.245,67837.4,150.29,197.44,18.129,310917.5,7863781604.0,7.8638,2718,0,54.0,2.25,48.0,2.0,21.1,16.1,10,Moderate
281,570,(nameless),1973,19730921,19730923,3,3,19.144,109.953,40534.4,276.91,181.48,39.818,46773.5,4734404694.0,4.7344,401,0,60.0,2.5,48.0,2.0,8.2,3.6,11,Long
282,572,Opal,1973,19731007,19731008,2,2,18.448,109.637,1736.1,38.49,27.53,14.001,8560.3,203620889.0,0.2036,73,0,48.0,2.0,24.0,1.0,11.1,9.0,8,Moderate
283,571,Nora,1973,19731009,19731010,2,2,26.201,118.402,82617.1,103.26,149.51,25.288,325378.2,9163630689.0,9.1636,2945,0,36.0,1.5,24.0,1.0,19.1,9.4,7,Moderate
284,573,Patsy,1973,19731013,19731015,3,3,19.003,109.872,29259.5,243.61,166.74,31.327,46886.8,3420477064.0,3.4205,402,0,60.0,2.5,48.0,2.0,17.6,11.6,11,Long
285,574,Ruth,1973,19731017,19731020,4,4,22.542,109.947,235833.5,162.68,160.61,30.454,432125.0,26912705327.0,26.9127,3811,0,72.0,3.0,36.0,1.5,15.7,6.3,13,Long
286,578,Vera,1973,19731125,19731126,2,2,19.595,109.892,29093.5,76.75,113.6,22.158,91071.4,3388404805.0,3.3884,787,0,36.0,1.5,36.0,1.5,9.7,6.6,7,Moderate
287,586,(nameless),1974,19740605,19740608,4,4,20.76,110.653,66155.5,130.1,178.1,16.298,266844.1,7646012496.0,7.646,2337,0,60.0,2.5,60.0,2.5,9.6,2.6,11,Long
288,587,Dinah,1974,19740611,19740614,4,4,21.444,109.249,227085.1,215.15,171.08,31.876,440237.0,26120792640.0,26.1208,3865,0,84.0,3.5,48.0,2.0,18.2,12.8,15,Long
289,590,Gilda,1974,19740705,19740706,2,2,29.953,121.749,297.2,7.5,8.59,2.322,11031.5,31840681.0,0.0318,103,0,36.0,1.5,18.0,0.75,21.5,18.6,8,Moderate
290,590,Gilda,1974,19740707,19740707,1,1,42.611,130.738,39.4,8.29,8.64,6.569,545.8,3586383.0,0.0036,6,0,6.0,0.25,6.0,0.25,34.8,27.2,4,Short
291,593,Jean,1974,19740718,19740720,3,3,31.616,118.686,24663.7,34.02,124.06,7.438,311369.4,2594248057.0,2.5942,2929,0,60.0,2.5,18.0,0.75,24.5,13.3,11,Long
292,594,Ivy,1974,19740721,19740723,3,3,22.484,110.974,205254.2,149.21,183.78,22.41,642819.2,23440725098.0,23.4407,5698,0,66.0,2.75,48.0,2.0,18.6,14.0,12,Long
293,598,Lucy,1974,19740809,19740813,5,5,29.678,117.489,536149.0,156.99,238.47,26.987,1080870.1,57458704208.0,57.4587,10101,0,102.0,4.25,36.0,1.5,16.6,8.2,18,Extreme
294,603,(nameless),1974,19740812,19740816,5,5,20.873,110.605,87707.8,122.74,148.61,15.915,332958.2,10128226226.0,10.1282,2917,0,96.0,4.0,78.0,3.25,15.0,8.0,17,Extreme
295,599,Mary,1974,19740818,19740821,4,4,28.889,119.78,186870.5,137.7,226.85,21.98,426529.2,20221709634.0,20.2217,3949,0,60.0,2.5,48.0,2.0,14.0,4.9,13,Long
296,600,Mary(-)1,1974,19740820,19740821,2,2,28.828,119.498,156499.2,110.07,226.85,20.447,471588.2,16943659910.0,16.9437,4383,0,24.0,1.0,24.0,1.0,4.7,3.2,5,Short
297,601,Mary(-)2,1974,19740820,19740823,4,4,28.823,119.74,193583.3,146.74,226.85,18.76,394588.3,20960647632.0,20.9606,3647,0,78.0,3.25,66.0,2.75,10.3,3.8,13,Long
298,607,Rose,1974,19740826,19740827,2,2,22.937,114.39,395.9,7.12,8.89,2.749,15582.5,45072671.0,0.0451,137,0,48.0,2.0,30.0,1.25,19.1,7.6,8,Moderate
299,608,(nameless),1974,19740828,19740901,5,5,43.925,120.084,284126.7,47.03,80.45,11.564,1197242.9,25246770933.0,25.2468,13399,0,102.0,4.25,54.0,2.25,27.9,14.5,18,Extreme
300,606,Polly,1974,19740902,19740904,3,3,45.506,131.95,66379.5,105.19,128.07,23.981,171646.7,5750153087.0,5.7502,1960,0,60.0,2.5,36.0,1.5,21.2,11.9,12,Long
301,609,Shirley,1974,19740902,19740902,1,1,24.838,118.669,227.9,13.0,13.77,4.07,6274.0,25570347.0,0.0256,56,0,24.0,1.0,6.0,0.25,18.8,15.4,4,Short
302,610,(nameless),1974,19740903,19740907,5,5,22.153,110.033,168792.4,118.06,177.08,17.555,599599.8,19323407710.0,19.3234,5288,0,102.0,4.25,42.0,1.75,13.0,5.5,18,Extreme
303,613,Wendy,1974,19740927,19740930,4,4,27.959,120.438,14306.3,33.65,38.71,7.157,131187.3,1561986066.0,1.562,1197,0,78.0,3.25,54.0,2.25,9.2,1.7,14,Long
304,615,Bess,1974,19741013,19741014,2,2,20.245,109.788,24775.8,48.6,79.77,11.877,181100.1,2873256068.0,2.8733,1576,0,36.0,1.5,36.0,1.5,24.7,15.8,7,Moderate
305,616,Carmen,1974,19741017,19741020,4,4,23.31,113.956,274484.6,275.46,213.64,44.748,352642.8,31163331922.0,31.1633,3104,0,78.0,3.25,60.0,2.5,12.8,7.6,14,Long
306,617,Della,1974,19741025,19741027,3,3,19.821,109.408,36375.4,116.82,142.4,19.758,146522.1,4230069605.0,4.2301,1275,0,54.0,2.25,42.0,1.75,20.5,16.2,10,Moderate
307,618,Elaine,1974,19741029,19741031,3,3,23.394,114.247,46551.1,73.57,66.95,14.556,191555.1,5282012814.0,5.282,1691,0,54.0,2.25,42.0,1.75,9.9,3.9,10,Moderate
308,619,Faye,1974,19741103,19741104,2,2,18.659,109.662,4274.1,51.87,57.82,17.517,17684.9,500681854.0,0.5007,151,0,42.0,1.75,24.0,1.0,24.4,16.3,8,Moderate
309,620,Gloria,1974,19741108,19741110,3,3,24.513,116.665,106124.0,136.13,136.28,25.382,241748.3,11936835846.0,11.9368,2153,0,60.0,2.5,54.0,2.25,9.5,5.1,11,Long
310,622,Irma,1974,19741130,19741203,4,4,23.701,114.291,77114.5,51.73,128.81,10.425,531290.4,8724764803.0,8.7248,4715,0,72.0,3.0,36.0,1.5,15.3,11.7,13,Long
311,625,Lola,1975,19750126,19750127,2,2,19.391,109.617,1001.1,8.0,10.28,3.428,33937.2,116749755.0,0.1167,291,0,48.0,2.0,30.0,1.25,13.5,9.6,8,Moderate
312,627,(nameless),1975,19750614,19750619,6,6,20.852,109.794,106494.1,146.79,134.48,15.572,311700.0,12299720019.0,12.2997,2729,0,114.0,4.75,96.0,4.0,11.9,5.1,20,Extreme
313,629,Mamie,1975,19750730,19750730,1,1,35.945,121.356,93.7,3.42,3.96,1.913,4885.4,9379690.0,0.0094,49,0,12.0,0.5,0.0,0.0,31.6,24.4,4,Short
314,630,Nina,1975,19750802,19750808,7,7,30.44,113.545,753093.2,172.46,482.91,22.647,1414301.6,80142380834.0,80.1424,13199,0,138.0,5.75,84.0,3.5,17.6,2.4,25,Extreme
315,631,(nameless),1975,19750805,19750807,3,3,25.402,118.79,8889.2,41.04,61.04,14.693,46720.4,992707209.0,0.9927,419,0,48.0,2.0,24.0,1.0,18.9,8.8,10,Moderate
316,632,(nameless),1975,19750806,19750807,2,2,26.329,118.372,40622.1,37.63,70.5,11.366,295234.7,4499647323.0,4.4996,2680,0,30.0,1.25,24.0,1.0,14.8,10.6,6,Short
317,634,(nameless),1975,19750809,19750815,7,7,23.406,112.502,312367.1,179.39,199.37,17.367,749625.9,35392651997.0,35.3927,6693,0,150.0,6.25,84.0,3.5,12.8,1.9,26,Extreme
318,633,Ora,1975,19750811,19750817,7,7,29.726,116.761,634794.2,215.79,224.36,19.382,1061417.8,68114825955.0,68.1148,9850,1,150.0,6.25,114.0,4.75,13.9,3.7,26,Extreme
319,635,(nameless)(-)1,1975,19750815,19750816,2,2,25.422,115.874,73330.4,43.83,84.73,11.163,482503.0,8184655256.0,8.1847,4330,0,30.0,1.25,30.0,1.25,14.5,9.2,6,Short
320,637,Rita,1975,19750816,19750817,2,2,26.292,119.403,4829.5,19.02,28.62,7.956,66725.5,535234322.0,0.5352,604,0,36.0,1.5,12.0,0.5,19.3,16.8,6,Moderate
321,636,Phyllis,1975,19750818,19750818,1,1,41.815,127.108,38.6,2.24,2.42,1.431,2474.8,3559157.0,0.0036,27,0,18.0,0.75,18.0,0.75,17.7,11.5,4,Short
322,638,(nameless),1975,19750823,19750826,4,4,21.842,110.982,83247.3,71.15,86.0,13.854,456855.3,9548591482.0,9.5486,4019,0,78.0,3.25,30.0,1.25,23.6,12.7,14,Long
323,640,(nameless),1975,19750827,19750831,5,5,21.616,108.738,172503.0,148.62,180.45,17.832,525484.5,19818355827.0,19.8184,4633,0,114.0,4.75,78.0,3.25,12.2,5.1,20,Extreme
324,643,(nameless),1975,19750907,19750909,3,3,19.155,109.975,11065.9,78.03,53.57,12.174,43071.1,1292419581.0,1.2924,369,0,66.0,2.75,42.0,1.75,15.2,9.1,12,Long
325,645,Alice,1975,19750919,19750920,2,2,19.855,109.18,45800.3,120.28,173.67,14.827,296746.7,5324285650.0,5.3243,2594,0,42.0,1.75,36.0,1.5,26.1,22.9,8,Moderate
326,646,Betty,1975,19750922,19750924,3,3,25.013,116.662,105891.3,89.3,123.52,17.257,441944.6,11862254622.0,11.8623,3961,0,60.0,2.5,48.0,2.0,17.4,8.8,11,Long
327,648,Doris,1975,19751003,19751007,5,5,25.661,116.036,373657.5,133.51,151.35,28.508,861291.4,41589856104.0,41.5899,7794,0,108.0,4.5,24.0,1.0,30.2,9.3,20,Extreme
328,649,Elsie,1975,19751013,19751014,2,2,23.528,115.479,63383.6,128.05,243.28,24.491,284947.8,7184451302.0,7.1845,2525,0,42.0,1.75,42.0,1.75,17.5,12.6,8,Moderate
329,650,Flossie,1975,19751022,19751023,2,2,22.131,111.485,60367.3,53.69,156.57,13.801,440245.7,6911467972.0,6.9115,3880,0,42.0,1.75,36.0,1.5,17.7,12.9,8,Moderate
330,652,Helen,1975,19751104,19751104,1,1,19.037,109.994,379.7,6.89,9.5,3.301,13437.2,44375394.0,0.0444,115,0,12.0,0.5,6.0,0.25,31.9,31.3,3,Short
331,662,Olga,1976,19760526,19760526,1,1,25.21,119.632,5.4,2.12,2.13,1.784,335.6,598835.0,0.0006,3,0,24.0,1.0,6.0,0.25,34.7,25.3,4,Short
332,665,(nameless),1976,19760620,19760622,3,3,21.526,110.688,24047.4,25.9,50.1,6.623,278013.2,2764649477.0,2.7646,2434,0,54.0,2.25,48.0,2.0,13.2,9.1,10,Moderate
333,666,Ruby,1976,19760626,19760629,4,4,23.569,115.614,10021.8,23.71,32.78,6.323,116863.0,1135624598.0,1.1356,1031,0,96.0,4.0,54.0,2.25,10.2,7.2,16,Extreme
334,669,Violet,1976,19760721,19760727,7,7,22.346,109.618,311941.1,157.67,187.39,19.783,797708.9,35654739309.0,35.6547,7073,0,144.0,6.0,102.0,4.25,12.0,3.7,25,Extreme
335,671,Wilda,1976,19760724,19760724,1,1,42.479,129.016,38.7,2.73,2.75,1.758,2006.7,3527016.0,0.0035,22,0,0.0,0.0,0.0,0.0,39.4,37.1,3,Short
336,670,Anita,1976,19760725,19760726,2,2,43.246,127.72,7538.6,12.81,30.47,5.264,127256.7,678908852.0,0.6789,1409,0,6.0,0.25,0.0,0.0,33.4,29.8,5,Short
337,674,Clara,1976,19760803,19760807,5,5,22.203,110.997,142707.7,95.47,175.07,14.808,445557.8,16332516183.0,16.3325,3918,0,108.0,4.5,102.0,4.25,10.7,5.2,19,Extreme
338,672,Billie,1976,19760809,19760812,4,4,26.666,114.097,383396.6,107.83,155.51,22.772,1084227.3,42317116692.0,42.3171,9900,0,72.0,3.0,42.0,1.75,21.5,11.3,13,Long
339,673,Billie(-)1,1976,19760811,19760813,3,3,34.323,116.498,280361.9,126.98,201.01,24.639,708031.0,28599247773.0,28.5992,6853,0,36.0,1.5,36.0,1.5,17.5,10.4,7,Moderate
340,675,Dot,1976,19760820,19760822,3,3,30.929,120.902,20175.7,46.34,131.42,8.868,193276.1,2138455635.0,2.1385,1837,0,72.0,3.0,42.0,1.75,24.1,14.8,12,Long
341,676,Ellen,1976,19760823,19760825,3,3,23.545,112.91,298065.4,164.15,227.6,28.393,695051.2,33777929467.0,33.7779,6184,0,48.0,2.0,30.0,1.25,20.8,16.3,9,Moderate
342,680,Iris,1976,19760912,19760912,1,1,18.35,110.05,1.2,1.16,1.16,1.162,117.4,136329.0,0.0001,1,0,6.0,0.25,6.0,0.25,25.7,25.7,1,Short
343,680,Iris,1976,19760917,19761001,15,15,21.786,111.078,568830.6,461.35,296.03,24.983,545299.9,65282027984.0,65.282,4809,1,342.0,14.25,282.0,11.75,8.0,1.7,58,Extreme
344,677,Fran,1976,19760914,19760914,1,1,44.835,132.422,1111.5,15.47,21.14,6.736,14385.3,97438309.0,0.0974,165,0,24.0,1.0,18.0,0.75,15.6,14.3,4,Short
345,684,Marge,1976,19761110,19761110,1,1,28.509,121.723,25.2,5.7,6.03,2.288,1197.0,2734758.0,0.0027,11,0,18.0,0.75,6.0,0.25,30.9,25.3,4,Short
346,690,Ruth,1977,19770615,19770617,3,3,28.026,117.934,124975.5,82.03,174.42,20.022,464028.6,13633365664.0,13.6334,4251,0,72.0,3.0,30.0,1.25,25.0,14.9,12,Long
347,691,(nameless),1977,19770704,19770706,3,3,22.366,110.174,97243.7,59.03,170.39,14.767,484241.7,11115226197.0,11.1152,4269,0,54.0,2.25,18.0,0.75,20.6,9.1,10,Moderate
348,692,(nameless)(-)1,1977,19770705,19770705,1,1,21.689,110.33,21229.7,21.64,39.98,10.005,243030.0,2438221167.0,2.4382,2122,0,0.0,0.0,0.0,0.0,,,1,Short
349,693,Sarah,1977,19770719,19770722,4,4,21.135,108.397,145630.3,135.46,246.01,20.93,513605.0,16785193569.0,16.7852,4516,0,84.0,3.5,42.0,1.75,27.7,12.0,15,Long
350,694,Thelma,1977,19770724,19770727,4,4,27.971,117.903,172379.2,70.96,119.96,12.219,885625.3,18809486605.0,18.8095,8223,0,78.0,3.25,48.0,2.0,17.5,3.7,14,Long
351,695,Vera,1977,19770730,19770803,5,5,24.918,112.289,338304.9,81.82,128.98,17.642,1179218.2,37919861736.0,37.9199,10585,0,102.0,4.25,42.0,1.75,18.9,7.7,18,Extreme
352,699,Amy,1977,19770820,19770823,4,4,28.817,120.355,72415.9,146.94,225.53,18.611,245631.4,7837700273.0,7.8377,2238,0,90.0,3.75,24.0,1.0,23.0,9.4,16,Extreme
353,700,Amy(-)1,1977,19770820,19770821,2,2,28.037,120.731,503.3,11.3,16.42,3.52,14830.2,54904820.0,0.0549,135,0,18.0,0.75,12.0,0.5,30.6,24.6,4,Short
354,701,Amy(-)2,1977,19770821,19770822,2,2,27.308,119.931,19185.4,49.11,157.45,11.53,154279.5,2106202804.0,2.1062,1395,0,18.0,0.75,18.0,0.75,8.9,7.0,4,Short
355,702,Amy(-)3,1977,19770822,19770822,1,1,29.897,120.699,66264.8,129.98,225.53,30.565,235880.6,7099268623.0,7.0993,2168,0,6.0,0.25,6.0,0.25,36.4,36.4,2,Short
356,705,Carla,1977,19770903,19770904,2,2,20.102,109.942,20831.5,45.51,53.52,14.67,116881.8,2418205243.0,2.4182,1012,0,48.0,2.0,42.0,1.75,25.4,12.5,8,Moderate
357,705,Carla,1977,19770905,19770906,2,2,21.577,101.413,353.6,6.83,5.69,2.922,11143.8,40657179.0,0.0407,97,0,18.0,0.75,12.0,0.5,19.9,9.3,5,Short
358,706,Babe,1977,19770910,19770911,2,2,31.479,120.234,100116.9,130.1,167.64,24.312,306053.2,10554918604.0,10.5549,2889,0,42.0,1.75,36.0,1.5,18.6,12.8,8,Moderate
359,707,Dinah,1977,19770918,19770919,2,2,23.525,115.995,422.9,14.41,27.57,3.88,12149.6,47945508.0,0.0479,107,0,48.0,2.0,30.0,1.25,7.8,2.5,8,Moderate
360,707,Dinah,1977,19770921,19770921,1,1,24.309,117.396,41.3,4.52,5.12,2.063,2255.4,4648599.0,0.0046,20,0,24.0,1.0,18.0,0.75,15.6,5.2,4,Short
361,707,Dinah,1977,19770922,19770922,1,1,19.65,110.35,1.3,1.26,1.26,1.265,116.4,147252.0,0.0001,1,0,24.0,1.0,12.0,0.5,18.9,16.8,4,Short
362,707,Dinah,1977,19770925,19770927,3,3,21.078,109.471,32093.0,52.31,82.61,12.546,153754.1,3701226960.0,3.7012,1337,0,48.0,2.0,18.0,0.75,12.6,10.7,9,Moderate
363,709,Freda,1977,19770924,19770925,2,2,23.462,111.546,105018.2,53.76,181.88,17.612,609300.4,11907264156.0,11.9073,5395,0,30.0,1.25,18.0,0.75,27.5,14.7,6,Short
364,720,Olive,1978,19780424,19780425,2,2,23.299,115.652,7696.2,27.61,54.75,6.89,98991.2,873453312.0,0.8735,872,0,48.0,2.0,24.0,1.0,30.9,19.1,8,Moderate
365,721,Polly,1978,19780618,19780619,2,2,29.664,121.788,350.2,6.76,8.65,3.099,11403.4,37626433.0,0.0376,106,0,48.0,2.0,24.0,1.0,15.7,8.1,8,Moderate
366,722,Rose,1978,19780624,19780624,1,1,27.771,119.923,1727.3,6.53,13.67,2.948,64214.3,188949630.0,0.1889,586,0,18.0,0.75,0.0,0.0,22.5,12.3,4,Short
367,723,(nameless),1978,19780624,19780627,4,4,22.751,107.56,239487.2,94.61,159.65,19.345,882623.1,27290892315.0,27.2909,7809,0,72.0,3.0,42.0,1.75,24.3,12.7,13,Long
368,724,Shirley,1978,19780701,19780701,1,1,18.269,109.527,13.7,1.95,2.07,1.369,1174.0,1607112.0,0.0016,10,0,12.0,0.5,6.0,0.25,25.1,15.5,4,Short
369,724,Shirley,1978,19780702,19780702,1,1,21.511,101.079,174.9,4.02,5.26,2.034,9889.1,20121857.0,0.0201,86,0,0.0,0.0,0.0,0.0,,,1,Short
370,726,Trix,1978,19780722,19780725,4,4,35.182,116.453,230543.5,74.56,238.96,14.424,1161004.4,23250778594.0,23.2508,11401,0,84.0,3.5,48.0,2.0,24.1,14.4,16,Long
371,729,Agnes,1978,19780723,19780731,9,9,22.603,113.467,263148.5,217.63,144.03,15.031,546303.3,30021358110.0,30.0214,4836,1,192.0,8.0,156.0,6.5,11.3,4.1,33,Extreme
372,727,Wendy,1978,19780728,19780801,5,5,30.346,121.008,18264.8,47.85,55.45,7.416,98930.8,1948636129.0,1.9486,929,0,114.0,4.75,72.0,3.0,9.4,0.0,20,Extreme
373,730,(nameless),1978,19780808,19780808,1,1,23.593,115.678,3930.3,21.61,49.18,6.454,68636.7,445274529.0,0.4453,609,0,12.0,0.5,0.0,0.0,31.7,28.2,3,Short
374,731,Bess,1978,19780809,19780812,4,4,20.389,110.519,60234.7,115.33,103.12,16.584,186556.0,6978601562.0,6.9786,1623,0,96.0,4.0,72.0,3.0,15.0,9.9,16,Extreme
375,731,Bess,1978,19780813,19780813,1,1,21.545,101.007,195.4,4.02,5.3,2.443,9198.8,22473705.0,0.0225,80,0,0.0,0.0,0.0,0.0,,,1,Short
376,733,Della,1978,19780812,19780813,2,2,26.395,118.119,47511.8,63.59,118.19,14.119,363514.9,5261006494.0,5.261,3285,0,42.0,1.75,18.0,0.75,25.0,15.1,8,Moderate
377,732,Carmen,1978,19780815,19780819,5,5,29.15,120.609,17468.4,51.64,78.88,7.74,143436.1,1885795534.0,1.8858,1331,0,120.0,5.0,90.0,3.75,14.1,2.5,20,Extreme
378,734,(nameless),1978,19780816,19780816,1,1,23.27,115.059,899.7,7.92,15.14,2.838,36042.8,102175371.0,0.1022,317,0,18.0,0.75,6.0,0.25,17.8,15.9,4,Short
379,736,Elaine,1978,19780826,19780828,3,3,22.618,109.075,242107.7,126.18,142.53,27.87,689043.6,27624057924.0,27.6241,6075,0,60.0,2.5,36.0,1.5,26.9,14.4,11,Long
380,738,Gloria,1978,19780905,19780906,2,2,25.807,117.264,12240.6,20.44,42.05,6.252,182768.4,1362291552.0,1.3623,1646,0,30.0,1.25,12.0,0.5,14.9,13.4,6,Short
381,740,(nameless),1978,19780910,19780915,6,6,19.12,109.807,21766.5,106.05,76.23,11.337,52985.2,2542693818.0,2.5427,455,0,126.0,5.25,114.0,4.75,8.9,3.5,22,Extreme
382,742,Irma,1978,19780910,19780914,5,5,29.175,120.625,29679.7,67.43,105.53,11.745,165430.2,3201046692.0,3.201,1524,0,120.0,5.0,54.0,2.25,16.6,9.3,20,Extreme
383,743,(nameless),1978,19780918,19780920,3,3,19.345,109.922,27286.0,117.18,168.83,29.498,55992.5,3182985051.0,3.183,481,0,72.0,3.0,48.0,2.0,20.9,14.3,12,Long
384,744,Kit,1978,19780924,19780927,4,4,19.503,109.788,86574.8,259.99,192.57,44.927,109207.6,10088790913.0,10.0888,945,0,84.0,3.5,54.0,2.25,16.8,12.8,15,Long
385,745,Lola,1978,19780929,19781004,6,6,21.796,108.647,291202.3,209.24,214.09,30.208,545242.8,33415485550.0,33.4155,4795,1,120.0,5.0,72.0,3.0,11.6,5.1,21,Extreme
386,749,Ora,1978,19781014,19781014,1,1,28.342,121.118,44.8,2.03,2.83,1.492,3264.8,4871492.0,0.0049,30,0,24.0,1.0,18.0,0.75,33.0,21.1,4,Short
387,747,Nina,1978,19781015,19781017,3,3,23.239,113.091,150102.6,128.78,131.29,21.358,364732.9,17048950598.0,17.049,3207,0,48.0,2.0,36.0,1.5,11.1,7.6,9,Moderate
388,763,(nameless),1979,19790517,19790517,1,1,22.688,114.705,660.0,6.4,7.27,3.143,23925.3,75284558.0,0.0753,210,0,18.0,0.75,6.0,0.25,13.0,9.4,3,Short
389,763,(nameless),1979,19790520,19790520,1,1,23.223,116.293,93.9,4.21,6.2,2.135,4999.1,10671861.0,0.0107,44,0,18.0,0.75,6.0,0.25,14.0,9.4,4,Short
390,764,(nameless),1979,19790519,19790522,4,4,23.16,115.831,1186.8,10.85,23.81,3.261,36049.3,134845290.0,0.1348,316,0,84.0,3.5,30.0,1.25,21.3,9.9,14,Long
391,765,(nameless),1979,19790618,19790624,7,7,19.255,109.84,18408.8,68.4,53.03,7.67,47120.1,2148679936.0,2.1487,404,0,150.0,6.25,132.0,5.5,6.0,0.0,26,Extreme
392,766,Ellis,1979,19790704,19790707,4,4,23.174,107.942,164495.8,106.2,136.71,18.995,551209.2,18692330043.0,18.6923,4855,0,72.0,3.0,24.0,1.0,21.9,16.5,13,Long
393,768,(nameless),1979,19790726,19790727,2,2,36.578,121.678,186.0,6.13,7.34,2.114,8736.8,18462346.0,0.0185,88,0,30.0,1.25,18.0,0.75,20.5,18.5,6,Short
394,770,Gordon,1979,19790728,19790730,3,3,23.779,113.155,156271.9,75.04,133.87,17.36,727523.1,17675775875.0,17.6758,6471,0,60.0,2.5,36.0,1.5,22.0,14.3,11,Long
395,769,Hope,1979,19790801,19790803,3,3,22.951,110.615,191009.0,83.4,167.06,22.208,804258.1,21741088867.0,21.7411,7110,0,60.0,2.5,24.0,1.0,33.8,25.4,11,Long
396,772,(nameless),1979,19790803,19790810,8,8,20.354,109.575,81806.3,138.03,125.91,13.946,296630.8,9479305908.0,9.4793,2599,0,168.0,7.0,108.0,4.5,13.4,0.0,29,Extreme
397,771,(nameless),1979,19790806,19790806,1,1,25.202,119.174,79.9,11.0,12.52,3.996,2237.7,8940490.0,0.0089,20,0,18.0,0.75,0.0,0.0,17.6,12.7,4,Short
398,774,Irving,1979,19790814,19790818,5,5,40.064,127.618,161601.4,87.66,135.08,23.492,457879.4,15176141585.0,15.1761,4774,0,120.0,5.0,18.0,0.75,27.8,9.9,20,Extreme
399,776,Judy,1979,19790823,19790826,4,4,29.832,120.561,65712.6,91.46,145.67,13.09,273778.4,7046597649.0,7.0466,2553,0,78.0,3.25,54.0,2.25,18.1,7.3,16,Long
400,782,Nancy,1979,19790917,19790923,7,7,19.719,110.031,152540.8,469.46,200.0,32.325,156489.5,17750732115.0,17.7507,1359,1,132.0,5.5,132.0,5.5,7.6,4.1,23,Extreme
401,781,Mac,1979,19790921,19790925,5,5,23.694,114.928,232338.3,282.0,259.49,30.651,373026.2,26298513657.0,26.2985,3304,0,102.0,4.25,84.0,3.5,10.1,0.0,18,Extreme
402,800,Georgia,1980,19800522,19800524,3,3,24.517,117.282,68451.9,138.67,180.17,18.436,300757.7,7699226518.0,7.6992,2682,0,66.0,2.75,36.0,1.5,18.7,11.7,12,Long
403,799,Forrest,1980,19800526,19800526,1,1,24.756,118.35,409.7,6.05,8.27,3.176,14498.6,46000077.0,0.046,129,0,24.0,1.0,6.0,0.25,18.9,17.3,4,Short
404,801,Herbert,1980,19800625,19800629,5,5,21.422,108.589,218889.2,189.89,201.97,23.173,569120.3,25182189535.0,25.1822,5010,0,96.0,4.0,66.0,2.75,16.7,9.1,17,Extreme
405,802,(nameless),1980,19800702,19800702,1,1,22.821,113.275,22.6,3.07,3.27,2.26,1139.5,2575717.0,0.0026,10,0,18.0,0.75,0.0,0.0,17.4,16.7,4,Short
406,803,Ida,1980,19800710,19800713,4,4,26.666,116.177,305476.6,92.69,169.18,19.695,1053654.1,33696036073.0,33.696,9723,0,96.0,4.0,48.0,2.0,25.8,9.4,16,Extreme
407,804,(nameless),1980,19800717,19800717,1,1,18.742,110.021,3.6,1.33,1.35,1.199,351.3,421155.0,0.0004,3,0,24.0,1.0,6.0,0.25,23.2,17.9,4,Short
408,804,(nameless),1980,19800718,19800720,3,3,22.394,108.341,117231.2,75.29,204.78,16.26,579284.9,13397149733.0,13.3971,5103,0,48.0,2.0,30.0,1.25,27.0,11.6,9,Moderate
409,805,Joe,1980,19800721,19800723,3,3,21.031,109.604,167052.5,201.4,202.09,27.176,504180.8,19269739236.0,19.2697,4431,0,60.0,2.5,36.0,1.5,32.1,24.2,11,Long
410,806,Kim,1980,19800726,19800727,2,2,24.085,114.853,38257.3,34.68,86.13,10.539,337678.9,4317522856.0,4.3175,3006,0,42.0,1.75,24.0,1.0,19.9,13.1,8,Moderate
411,809,(nameless),1980,19800817,19800820,4,4,22.007,109.387,139547.4,83.33,158.4,14.235,575585.3,15990031040.0,15.99,5064,0,72.0,3.0,48.0,2.0,19.9,11.5,13,Long
412,810,Norris,1980,19800827,19800829,3,3,26.777,117.96,156415.3,99.45,155.0,20.227,575928.3,17256050540.0,17.2561,5278,0,66.0,2.75,48.0,2.0,18.1,7.4,12,Long
413,811,(nameless),1980,19800828,19800831,4,4,21.346,109.316,52941.9,73.34,71.09,13.903,201119.7,6094701159.0,6.0947,1751,0,78.0,3.25,42.0,1.75,19.6,11.2,14,Long
414,814,(nameless),1980,19800905,19800906,2,2,19.576,109.635,24465.9,79.93,86.97,23.593,67797.8,2849731085.0,2.8497,584,0,30.0,1.25,24.0,1.0,23.2,21.9,6,Short
415,816,Ruth,1980,19800910,19800912,3,3,19.531,109.96,3957.1,27.03,47.48,9.581,45477.1,461076533.0,0.4611,390,0,72.0,3.0,42.0,1.75,10.9,5.8,12,Long
416,816,Ruth,1980,19800913,19800916,4,4,20.531,109.68,80274.4,136.46,181.39,19.806,302732.8,9292041856.0,9.292,2645,0,84.0,3.5,66.0,2.75,15.9,0.0,15,Long
417,815,Orchid,1980,19800911,19800912,2,2,46.68,133.336,37945.4,87.73,113.95,63.667,49098.6,3218052894.0,3.2181,576,0,12.0,0.5,6.0,0.25,55.2,0.0,6,Short
418,817,Percy,1980,19800918,19800919,2,2,25.972,117.302,51940.3,46.45,86.42,15.268,363559.8,5771443245.0,5.7714,3286,0,36.0,1.5,30.0,1.25,22.6,17.6,7,Moderate
419,821,Wynne,1980,19801013,19801013,1,1,29.937,122.067,1694.9,70.57,85.41,31.979,5686.6,181597162.0,0.1816,53,0,12.0,0.5,6.0,0.25,31.5,22.0,4,Short
420,832,Ike,1981,19810608,19810615,8,8,22.488,113.985,81726.4,93.83,132.96,12.544,345574.8,9321380475.0,9.3214,3072,0,192.0,8.0,36.0,1.5,16.9,4.0,32,Extreme
421,833,June,1981,19810620,19810622,3,3,28.851,120.369,14806.1,31.57,58.9,6.767,158276.9,1602859539.0,1.6029,1460,0,54.0,2.25,42.0,1.75,24.1,14.0,10,Moderate
422,834,Kelly,1981,19810702,19810705,4,4,20.781,107.582,54514.7,93.4,144.91,15.005,258703.7,6298724864.0,6.2987,2257,0,84.0,3.5,48.0,2.0,19.8,10.5,15,Long
423,835,Lynn,1981,19810705,19810708,4,4,22.864,110.462,192407.8,125.18,203.53,20.091,631320.4,21917062728.0,21.9171,5582,0,72.0,3.0,42.0,1.75,21.4,11.4,13,Long
424,836,Maury,1981,19810719,19810725,7,7,24.25,112.249,733324.2,205.54,312.61,21.649,1223759.8,82619935157.0,82.6199,11006,1,144.0,6.0,108.0,4.5,19.1,5.5,25,Extreme
425,837,(nameless),1981,19810721,19810728,8,8,34.198,118.916,420416.6,97.39,182.67,14.619,1350273.2,42846781273.0,42.8468,13242,0,168.0,7.0,96.0,4.0,12.7,0.0,29,Extreme
426,839,Ogden,1981,19810731,19810801,2,2,41.529,123.779,2719.2,10.69,32.44,3.935,63061.9,251359961.0,0.2514,686,0,30.0,1.25,12.0,0.5,23.9,20.6,8,Short
427,841,Roy,1981,19810803,19810803,1,1,18.746,110.516,5.9,2.05,2.05,1.98,351.2,695420.0,0.0007,3,0,24.0,1.0,6.0,0.25,11.7,7.7,4,Short
428,841,Roy,1981,19810806,19810807,2,2,24.42,115.445,785.2,15.58,27.47,5.001,17711.0,88389644.0,0.0884,157,0,48.0,2.0,18.0,0.75,11.5,8.9,8,Moderate
429,841,Roy,1981,19810808,19810810,3,3,21.007,108.62,40011.8,52.04,131.25,9.079,326717.5,4616183210.0,4.6162,2856,0,60.0,2.5,36.0,1.5,20.6,11.9,11,Long
430,840,Phyllis,1981,19810806,19810806,1,1,47.51,133.522,6264.3,23.4,29.26,8.923,58817.3,523132214.0,0.5231,702,0,12.0,0.5,12.0,0.5,32.6,32.5,3,Short
431,845,Warren,1981,19810816,19810820,5,5,20.294,109.532,40856.5,78.45,82.46,8.863,265167.8,4736058649.0,4.7361,2320,0,108.0,4.5,78.0,3.25,11.3,6.5,19,Extreme
432,847,Agnes,1981,19810830,19810903,5,5,30.763,120.536,39033.9,54.92,147.59,9.21,208263.7,4145963168.0,4.146,1965,0,102.0,4.25,60.0,2.5,19.7,5.8,20,Extreme
433,849,Clara,1981,19810921,19810922,2,2,24.929,115.789,148201.9,137.42,187.65,31.135,409221.7,16612627826.0,16.6126,3674,0,36.0,1.5,30.0,1.25,18.5,13.0,7,Moderate
434,851,(nameless),1981,19810923,19810924,2,2,25.136,115.824,88575.3,81.41,139.02,19.609,318652.9,9912373203.0,9.9124,2849,0,24.0,1.0,12.0,0.5,24.1,20.5,5,Short
435,853,(nameless),1981,19811003,19811007,5,5,22.448,111.192,255353.5,175.06,149.43,19.878,588832.3,29166985351.0,29.167,5214,0,84.0,3.5,78.0,3.25,13.3,0.0,15,Long
436,857,Hazen,1981,19811122,19811123,2,2,20.896,109.917,39455.8,59.3,115.69,15.042,273116.7,4554712718.0,4.5547,2392,0,30.0,1.25,30.0,1.25,16.5,5.1,6,Short
437,858,Irma,1981,19811126,19811126,1,1,25.401,119.701,2.1,1.07,1.07,1.053,223.4,235119.0,0.0002,2,0,24.0,1.0,6.0,0.25,24.8,17.1,4,Short
438,862,Lee,1981,19811229,19811229,1,1,23.065,115.268,5015.9,29.35,58.83,8.815,64832.4,570591010.0,0.5706,569,0,6.0,0.25,6.0,0.25,0.0,0.0,2,Short
439,868,Tess,1982,19820625,19820702,8,8,21.913,112.725,138944.6,150.83,176.51,17.101,371255.4,15924852113.0,15.9249,3275,0,156.0,6.5,120.0,5.0,13.1,6.5,27,Extreme
440,870,Val,1982,19820702,19820702,1,1,25.431,119.504,106.0,3.33,3.66,2.465,4802.7,11836441.0,0.0118,43,0,18.0,0.75,6.0,0.25,39.4,32.9,3,Short
441,871,Winona,1982,19820716,19820718,3,3,22.125,108.896,74521.1,55.48,146.58,13.434,517454.7,8530206713.0,8.5302,4560,0,48.0,2.0,30.0,1.25,25.6,18.2,9,Moderate
442,872,Andy,1982,19820728,19820729,2,2,27.163,119.228,31251.9,58.39,132.58,16.134,213694.6,3437296437.0,3.4373,1933,0,36.0,1.5,12.0,0.5,19.9,14.9,7,Moderate
443,873,Andy(-)1,1982,19820729,19820801,4,4,31.087,115.583,425729.9,131.85,178.85,18.331,1305286.3,44982940734.0,44.9829,12245,0,90.0,3.75,60.0,2.5,14.5,2.4,16,Extreme
444,875,Cecil,1982,19820808,19820815,8,8,30.983,120.966,50880.9,54.75,125.08,8.022,351728.6,5383248990.0,5.3832,3413,0,192.0,8.0,72.0,3.0,15.9,3.7,32,Extreme
445,876,Dot,1982,19820814,19820816,3,3,24.382,114.668,104311.3,67.2,174.26,14.811,556336.5,11742966219.0,11.743,4977,0,60.0,2.5,30.0,1.25,19.4,0.0,11,Long
446,877,Ellis,1982,19820827,19820829,3,3,45.502,128.722,320271.3,133.19,132.01,27.318,536043.8,27732040164.0,27.732,6243,0,60.0,2.5,42.0,1.75,33.2,0.0,12,Long
447,878,Faye,1982,19820902,19820902,1,1,25.253,119.553,46.3,5.23,5.27,4.209,1229.9,5177035.0,0.0052,11,0,24.0,1.0,6.0,0.25,19.4,14.2,4,Short
448,878,Faye,1982,19820903,19820903,1,1,23.338,115.869,260.7,18.0,26.76,5.111,5794.9,29592758.0,0.0296,51,0,12.0,0.5,0.0,0.0,30.7,24.5,3,Short
449,880,Hope,1982,19820905,19820907,3,3,19.228,109.882,24812.0,104.95,123.35,32.098,43766.3,2896567138.0,2.8966,375,0,48.0,2.0,30.0,1.25,22.1,18.2,9,Moderate
450,882,Irving,1982,19820912,19820916,5,5,21.764,109.99,166648.8,157.55,176.45,19.241,445774.2,19127221740.0,19.1272,3926,0,96.0,4.0,60.0,2.5,10.2,5.8,17,Extreme
451,887,Nancy,1982,19821016,19821018,3,3,19.325,109.762,43376.1,156.69,155.05,31.273,81514.0,5060502551.0,5.0605,704,0,72.0,3.0,60.0,2.5,19.0,0.0,12,Long
452,893,Sarah,1983,19830625,19830626,2,2,19.562,109.246,4767.8,22.24,21.7,5.836,58981.6,555342236.0,0.5553,508,0,30.0,1.25,24.0,1.0,23.6,16.7,6,Short
453,894,Tip,1983,19830712,19830714,3,3,20.878,110.29,40239.2,70.09,126.74,12.563,215150.9,4646924502.0,4.6469,1877,0,48.0,2.0,42.0,1.75,14.8,10.2,9,Moderate
454,895,Vera,1983,19830716,19830718,3,3,21.022,109.055,127480.6,152.9,177.01,20.241,490727.9,14703277054.0,14.7033,4316,0,66.0,2.75,36.0,1.5,28.0,19.2,12,Long
455,896,Wayne,1983,19830724,19830726,3,3,25.09,115.329,130748.4,105.01,214.05,20.187,580036.1,14635693586.0,14.6357,5229,0,48.0,2.0,18.0,0.75,27.8,25.5,9,Moderate
456,898,Carmen,1983,19830812,19830813,2,2,22.51,114.963,188.0,9.28,9.84,4.476,4677.2,21474242.0,0.0215,41,0,48.0,2.0,12.0,0.5,13.8,5.6,8,Moderate
457,901,Ellen,1983,19830907,19830909,3,3,23.12,113.891,80690.6,102.89,157.97,17.264,333271.1,9173916387.0,9.1739,2951,0,60.0,2.5,36.0,1.5,15.7,12.7,11,Long
458,902,Forrest,1983,19830926,19830927,2,2,29.632,121.177,14039.0,52.96,90.44,10.66,82233.2,1508720179.0,1.5087,767,0,48.0,2.0,36.0,1.5,20.7,13.9,8,Moderate
459,903,Georgia,1983,19830928,19831001,4,4,21.282,110.483,105778.4,130.91,166.78,23.632,354280.4,12182441420.0,12.1824,3104,0,84.0,3.5,54.0,2.25,17.4,12.4,15,Long
460,904,(nameless),1983,19831002,19831003,2,2,20.305,109.137,32196.3,68.2,74.5,17.584,162058.9,3732174548.0,3.7322,1410,0,42.0,1.75,30.0,1.25,23.0,15.3,8,Moderate
461,905,Herbert,1983,19831009,19831010,2,2,18.429,108.989,973.0,58.22,36.52,23.732,3284.6,114137527.0,0.1141,28,0,36.0,1.5,18.0,0.75,14.0,10.5,7,Moderate
462,907,Joe,1983,19831012,19831014,3,3,23.489,112.618,118829.4,102.52,140.41,20.47,430270.9,13471939725.0,13.4719,3811,0,48.0,2.0,24.0,1.0,16.5,6.3,9,Moderate
463,909,Lex,1983,19831023,19831026,4,4,19.146,109.705,58829.7,234.7,216.4,44.366,86034.1,6871038659.0,6.871,743,0,84.0,3.5,72.0,3.0,13.2,5.8,15,Long
464,910,(nameless),1983,19831030,19831030,1,1,18.282,109.214,49.5,6.39,6.42,4.499,1291.6,5809556.0,0.0058,11,0,0.0,0.0,0.0,0.0,,,1,Short
465,920,Vernon,1984,19840609,19840610,2,2,19.191,109.881,4313.0,21.83,38.51,9.08,45380.5,503612362.0,0.5036,389,0,48.0,2.0,30.0,1.25,20.1,6.6,8,Moderate
466,921,Wynne,1984,19840623,19840626,4,4,22.387,109.326,167853.4,93.24,162.97,18.064,683449.7,19183013757.0,19.183,6027,0,84.0,3.5,36.0,1.5,24.5,12.6,15,Long
467,922,Alex,1984,19840703,19840703,1,1,25.809,118.095,314.3,6.97,13.04,2.937,11904.1,34979763.0,0.035,107,0,6.0,0.25,0.0,0.0,29.8,29.8,2,Short
468,923,Alex(-)1,1984,19840703,19840705,3,3,28.673,118.875,49643.1,38.61,151.63,10.1,395725.7,5382176414.0,5.3822,3666,0,54.0,2.25,30.0,1.25,27.9,17.9,11,Moderate
469,924,Betty,1984,19840707,19840709,3,3,21.686,111.469,78269.5,86.11,178.55,17.565,320154.4,8989195120.0,8.9892,2808,0,60.0,2.5,30.0,1.25,16.0,12.0,11,Long
470,927,Ed,1984,19840730,19840803,5,5,33.934,120.352,68335.0,51.86,131.51,8.724,507484.7,6998353603.0,6.9984,5074,0,90.0,3.75,78.0,3.25,15.1,4.8,17,Extreme
471,928,Freda,1984,19840807,19840811,5,5,38.07,119.583,959536.1,139.24,230.78,28.668,2208919.2,92885870903.0,92.8859,22858,0,114.0,4.75,18.0,0.75,38.5,17.5,20,Extreme
472,929,(nameless),1984,19840809,19840811,3,3,22.807,112.082,122535.6,96.99,152.19,17.458,417155.8,13962226348.0,13.9622,3667,0,48.0,2.0,36.0,1.5,19.0,13.1,9,Moderate
473,930,(nameless),1984,19840814,19840814,1,1,25.213,116.968,1039.0,10.14,16.64,3.737,31071.9,116196953.0,0.1162,278,0,12.0,0.5,6.0,0.25,13.1,10.6,3,Short
474,932,Gerald,1984,19840815,19840821,7,7,22.023,112.723,77063.3,83.81,133.31,14.926,313866.3,8827672707.0,8.8277,2766,0,162.0,6.75,96.0,4.0,11.5,0.0,28,Extreme
475,933,Holly,1984,19840819,19840820,2,2,29.719,121.692,9252.9,77.97,82.18,28.558,26069.7,993493064.0,0.9935,244,0,48.0,2.0,24.0,1.0,17.6,13.1,8,Moderate
476,935,(nameless),1984,19840826,19840829,4,4,37.529,122.32,7053.4,19.73,67.11,5.335,117854.5,689918525.0,0.6899,1193,0,72.0,3.0,42.0,1.75,21.9,9.7,13,Long
477,937,June,1984,19840829,19840831,3,3,25.525,115.301,203867.6,104.27,154.51,23.996,653580.7,22733697250.0,22.7337,5881,0,66.0,2.75,30.0,1.25,17.2,14.3,12,Long
478,936,Ike,1984,19840904,19840906,3,3,21.77,109.802,175290.4,160.65,182.33,24.664,474181.3,20118725205.0,20.1187,4185,0,60.0,2.5,36.0,1.5,22.5,16.6,11,Long
479,939,Lynn,1984,19840924,19840927,4,4,19.483,110.115,14430.5,63.55,47.84,11.336,70652.9,1681837268.0,1.6818,610,0,84.0,3.5,42.0,1.75,15.5,0.0,15,Long
480,949,Warren,1984,19841101,19841101,1,1,18.313,109.637,16.5,1.46,1.51,1.267,1526.0,1934039.0,0.0019,13,0,24.0,1.0,6.0,0.25,20.2,16.6,4,Short
481,951,Agnes,1984,19841108,19841108,1,1,18.825,109.07,633.1,13.2,17.15,6.147,12062.9,74095282.0,0.0741,103,0,12.0,0.5,12.0,0.5,33.2,23.2,3,Short
482,959,(nameless),1985,19850615,19850621,7,7,19.965,109.16,44572.8,110.11,124.57,8.79,236168.2,5177985363.0,5.178,2060,0,138.0,5.75,138.0,5.75,9.9,4.0,24,Extreme
483,960,(nameless),1985,19850617,19850618,2,2,27.08,120.285,2939.2,16.93,18.95,7.838,33662.6,323517590.0,0.3235,305,0,48.0,2.0,18.0,0.75,17.8,7.1,8,Moderate
484,961,Hal,1985,19850622,19850628,7,7,25.927,116.938,424672.7,202.22,188.1,24.059,810352.1,47180048957.0,47.18,7406,1,144.0,6.0,84.0,3.5,17.4,5.8,25,Extreme
485,963,(nameless),1985,19850628,19850702,5,5,23.539,113.896,68046.1,58.36,122.52,9.463,413101.8,7710763159.0,7.7108,3668,0,96.0,4.0,84.0,3.5,13.2,8.2,17,Extreme
486,964,(nameless),1985,19850707,19850708,2,2,24.328,116.182,59581.7,64.26,117.84,20.014,316297.7,6710963681.0,6.711,2819,0,42.0,1.75,12.0,0.5,19.3,9.0,8,Moderate
487,965,Jeff,1985,19850729,19850803,6,6,38.332,124.036,409154.8,106.25,189.39,19.713,1261763.0,39368743119.0,39.3687,13491,0,132.0,5.5,24.0,1.0,27.3,10.0,23,Extreme
488,967,(nameless),1985,19850808,19850815,8,8,22.422,110.13,224150.3,128.26,214.83,12.925,658111.7,25610860951.0,25.6109,5807,0,174.0,7.25,156.0,6.5,9.5,0.0,30,Extreme
489,966,Kit,1985,19850809,19850809,1,1,31.209,121.59,7.2,2.53,2.69,1.804,423.0,762914.0,0.0008,4,0,24.0,1.0,12.0,0.5,12.5,8.3,4,Short
490,966,Kit,1985,19850810,19850810,1,1,42.648,130.064,253.7,6.58,8.94,3.624,6381.2,23069675.0,0.0231,70,0,12.0,0.5,0.0,0.0,32.1,22.3,4,Short
491,968,Lee,1985,19850812,19850815,4,4,44.06,126.544,278717.0,79.68,144.5,23.682,764565.5,24712741718.0,24.7127,8593,0,90.0,3.75,18.0,0.75,32.3,11.2,16,Extreme
492,969,Mamie,1985,19850814,19850820,7,7,40.731,123.444,321366.4,115.49,182.98,19.529,1129049.5,29987743243.0,29.9877,12162,0,144.0,6.0,12.0,0.5,23.0,8.1,25,Extreme
493,971,(nameless),1985,19850819,19850831,13,13,23.006,110.383,889494.4,377.72,223.91,21.988,1043266.7,101183339586.0,101.1833,9292,1,294.0,12.25,252.0,10.5,10.1,0.0,50,Extreme
494,970,Nelson,1985,19850822,19850825,4,4,26.029,116.483,329895.4,145.54,189.44,22.508,872974.7,36637574679.0,36.6376,7872,0,90.0,3.75,60.0,2.5,15.9,6.7,16,Extreme
495,973,Pat,1985,19850824,19850826,3,3,25.809,119.213,10224.2,50.12,110.44,26.351,41721.3,1137909680.0,1.1379,374,0,54.0,2.25,18.0,0.75,17.3,12.2,9,Moderate
496,972,Odessa,1985,19850830,19850831,2,2,31.26,121.527,2759.8,37.69,65.39,13.397,20904.7,291678398.0,0.2917,197,0,36.0,1.5,24.0,1.0,24.5,9.8,8,Moderate
497,977,(nameless),1985,19850901,19850904,4,4,42.865,124.093,225872.1,37.42,127.71,10.838,1321222.3,20354578896.0,20.3546,14853,0,84.0,3.5,18.0,0.75,35.2,0.0,15,Long
498,976,Tess,1985,19850904,19850908,5,5,23.417,108.72,481833.3,152.55,174.72,23.374,1098478.4,54639200758.0,54.6392,9780,0,108.0,4.5,66.0,2.75,16.9,7.7,19,Extreme
499,978,Val,1985,19850917,19850917,1,1,26.411,117.961,47149.1,64.29,148.63,24.354,215237.9,5220547701.0,5.2205,1936,0,18.0,0.75,6.0,0.25,20.7,13.9,4,Short
500,979,Winona,1985,19850919,19850923,5,5,23.206,111.718,290758.3,188.66,196.85,24.415,717743.1,33022283392.0,33.0223,6386,0,108.0,4.5,66.0,2.75,14.5,7.6,19,Extreme
501,980,Andy,1985,19850927,19851001,5,5,19.347,109.925,89064.7,274.72,182.9,41.775,135697.7,10389103895.0,10.3891,1179,0,120.0,5.0,84.0,3.5,10.8,5.3,20,Extreme
502,981,Brendan,1985,19851003,19851005,3,3,29.759,121.121,25989.4,63.49,118.36,18.577,144966.0,2789162538.0,2.7892,1349,0,54.0,2.25,18.0,0.75,33.0,22.1,12,Moderate
503,981,Brendan,1985,19851006,19851007,2,2,42.95,130.068,1894.8,12.68,16.58,5.958,26459.7,171472766.0,0.1715,293,0,24.0,1.0,18.0,0.75,26.7,0.0,8,Short
504,983,Cecil,1985,19851014,19851016,3,3,19.033,109.723,9606.0,57.27,130.79,14.106,42373.0,1122739151.0,1.1227,363,0,66.0,2.75,30.0,1.25,22.8,14.6,12,Long
505,984,Dot,1985,19851020,19851022,3,3,20.113,109.434,48637.1,109.76,128.61,23.15,204779.4,5645311819.0,5.6453,1782,0,48.0,2.0,36.0,1.5,27.8,18.4,9,Moderate
506,993,Mac,1986,19860516,19860524,9,9,20.885,111.101,150590.3,238.56,189.52,18.918,320527.9,17386023157.0,17.386,2808,1,210.0,8.75,132.0,5.5,10.3,2.5,35,Extreme
507,993,Mac,1986,19860526,19860527,2,2,25.257,119.197,64.1,6.06,4.06,1.884,2683.1,7164048.0,0.0072,24,0,48.0,2.0,36.0,1.5,9.8,3.4,8,Moderate
508,995,Nancy,1986,19860623,19860624,2,2,28.489,119.562,28710.2,28.89,66.09,9.742,310062.8,3117381897.0,3.1174,2872,0,48.0,2.0,18.0,0.75,40.3,20.4,8,Moderate
509,996,(nameless),1986,19860623,19860626,4,4,23.401,113.931,163659.3,109.37,194.69,15.634,583422.4,18562340854.0,18.5623,5183,0,54.0,2.25,42.0,1.75,17.2,11.7,10,Moderate
510,998,Peggy,1986,19860710,19860713,4,4,23.563,112.286,426145.9,182.54,255.31,27.426,1106841.5,48283012100.0,48.283,9845,0,90.0,3.75,60.0,2.5,20.1,12.4,16,Extreme
511,1000,(nameless),1986,19860719,19860723,5,5,22.458,108.167,334132.4,182.0,282.65,19.026,779917.5,38159296810.0,38.1593,6898,0,114.0,4.75,90.0,3.75,11.3,5.0,20,Extreme
512,1001,(nameless),1986,19860726,19860727,2,2,28.53,118.96,4393.7,16.71,48.77,4.871,94334.8,476990912.0,0.477,864,0,24.0,1.0,6.0,0.25,21.1,16.2,5,Short
513,1005,(nameless),1986,19860809,19860810,2,2,19.918,110.217,44434.2,118.59,113.03,25.161,152041.6,5163997974.0,5.164,1322,0,42.0,1.75,30.0,1.25,17.1,11.2,8,Moderate
514,1006,(nameless)(-)1,1986,19860810,19860812,3,3,22.61,108.257,194635.1,118.62,189.93,23.993,575007.8,22204140340.0,22.2041,5091,0,36.0,1.5,30.0,1.25,20.5,13.9,7,Moderate
515,1009,Wayne,1986,19860819,19860822,4,4,24.666,116.684,78800.8,76.83,151.66,15.436,407378.1,8850862966.0,8.8509,3624,0,96.0,4.0,42.0,1.75,18.2,10.6,16,Extreme
516,1009,Wayne,1986,19860824,19860824,1,1,25.462,119.24,96.3,6.74,12.2,2.831,3795.8,10745574.0,0.0107,34,0,24.0,1.0,24.0,1.0,20.6,13.2,4,Short
517,1009,Wayne,1986,19860825,19860826,2,2,19.603,110.564,1526.5,15.92,21.91,8.434,20687.7,177784530.0,0.1778,178,0,48.0,2.0,12.0,0.5,15.2,5.1,8,Moderate
518,1009,Wayne,1986,19860829,19860831,3,3,24.614,118.51,384.3,12.35,23.82,3.767,9090.0,43192823.0,0.0432,81,0,72.0,3.0,24.0,1.0,4.8,0.0,12,Long
519,1009,Wayne,1986,19860904,19860906,3,3,21.397,109.941,115991.0,111.88,182.83,22.855,434968.5,13347383127.0,13.3474,3814,0,60.0,2.5,36.0,1.5,27.4,21.3,11,Long
520,1008,Vera,1986,19860826,19860831,6,6,42.241,128.029,215032.1,89.34,143.06,23.287,491513.9,19601734785.0,19.6017,5276,0,126.0,5.25,30.0,1.25,25.1,12.2,22,Extreme
521,1011,Abby,1986,19860919,19860920,2,2,28.749,120.387,38354.0,54.62,104.58,11.69,232278.6,4156420547.0,4.1564,2134,0,42.0,1.75,30.0,1.25,35.6,11.6,8,Moderate
522,1014,Dom,1986,19861009,19861011,3,3,19.022,109.914,9044.7,78.77,120.48,12.703,44108.1,1057215813.0,1.0572,378,0,60.0,2.5,42.0,1.75,15.5,9.1,11,Long
523,1015,Ellen,1986,19861015,19861015,1,1,23.35,117.101,2.2,1.14,1.14,1.11,227.0,252084.0,0.0003,2,0,24.0,1.0,6.0,0.25,6.5,5.3,4,Short
524,1015,Ellen,1986,19861016,19861019,4,4,22.456,111.232,42790.9,65.03,132.59,10.48,370978.0,4888125380.0,4.8881,3269,0,84.0,3.5,60.0,2.5,10.5,5.5,15,Long
525,1017,Georgia,1986,19861021,19861022,2,2,18.881,109.665,7527.7,62.33,85.66,15.881,33776.2,880641717.0,0.8806,289,0,36.0,1.5,24.0,1.0,21.4,18.3,7,Moderate
526,1018,Herbert,1986,19861111,19861112,2,2,18.487,109.567,2554.1,44.62,55.87,13.658,13944.0,299496047.0,0.2995,119,0,24.0,1.0,6.0,0.25,11.5,9.2,5,Short
527,1019,Ida,1986,19861115,19861116,2,2,23.506,115.651,66790.9,141.95,132.79,29.857,161359.5,7572404247.0,7.5724,1419,0,48.0,2.0,18.0,0.75,18.7,12.3,8,Moderate
528,1028,Ruth,1987,19870617,19870620,4,4,22.742,109.644,141925.2,93.43,140.17,18.569,608698.1,16179790742.0,16.1798,5375,0,72.0,3.0,36.0,1.5,16.5,9.0,13,Long
529,1029,(nameless),1987,19870617,19870618,2,2,28.107,120.517,1849.4,12.4,21.11,3.47,53218.1,201638605.0,0.2016,486,0,42.0,1.75,24.0,1.0,9.7,5.8,8,Moderate
530,1031,Thelma,1987,19870714,19870715,2,2,30.328,121.343,3430.3,13.08,19.34,4.879,56698.6,366012616.0,0.366,530,0,36.0,1.5,24.0,1.0,37.9,20.4,8,Moderate
531,1031,Thelma,1987,19870716,19870717,2,2,44.941,129.838,119439.4,54.33,101.71,21.416,344372.7,10447356594.0,10.4474,3962,0,24.0,1.0,18.0,0.75,32.6,22.5,5,Short
532,1032,Vernon,1987,19870720,19870722,3,3,28.311,119.313,51878.7,53.2,118.64,16.258,289279.1,5643129412.0,5.6431,2665,0,48.0,2.0,18.0,0.75,22.4,14.7,9,Moderate
533,1034,Alex,1987,19870726,19870730,5,5,30.744,120.136,154840.4,84.4,129.37,14.728,724782.8,16425529325.0,16.4255,6939,0,96.0,4.0,42.0,1.75,24.5,18.3,17,Extreme
534,1035,Betty,1987,19870814,19870817,4,4,19.587,109.432,26174.1,98.91,115.95,17.685,90969.2,3048413527.0,3.0484,786,0,78.0,3.25,48.0,2.0,24.4,10.8,14,Long
535,1037,Cary,1987,19870820,19870823,4,4,20.995,107.673,47534.2,71.3,164.52,15.898,210287.0,5484695355.0,5.4847,1832,0,72.0,3.0,36.0,1.5,17.5,9.1,13,Long
536,1039,Dinah,1987,19870830,19870830,1,1,29.787,121.769,834.2,15.99,42.68,5.793,15478.4,89510115.0,0.0895,144,0,18.0,0.75,12.0,0.5,48.4,36.1,4,Short
537,1039,Dinah,1987,19870831,19870831,1,1,42.628,129.921,733.4,11.0,17.84,4.642,14332.7,66713011.0,0.0667,158,0,12.0,0.5,6.0,0.25,52.9,47.7,4,Short
538,1041,(nameless),1987,19870904,19870905,2,2,18.926,110.004,1957.7,18.34,19.8,5.249,25140.4,228966324.0,0.229,215,0,42.0,1.75,30.0,1.25,15.1,7.4,8,Moderate
539,1040,Gerald,1987,19870909,19870911,3,3,27.42,118.453,193878.5,159.41,197.86,27.481,437425.9,21273980645.0,21.274,3981,0,48.0,2.0,24.0,1.0,17.5,12.7,9,Moderate
540,1048,Lynn,1987,19871025,19871028,4,4,23.495,113.984,11090.2,15.8,34.42,5.009,206365.2,1257351346.0,1.2574,1827,0,78.0,3.25,30.0,1.25,9.2,0.0,14,Long
541,1050,Nina,1987,19871127,19871129,3,3,22.946,114.569,43924.6,83.18,67.62,16.933,198985.1,5000492615.0,5.0005,1743,0,54.0,2.25,30.0,1.25,19.4,14.7,10,Moderate
542,1054,Susan,1988,19880531,19880602,3,3,24.561,117.519,6655.2,24.09,48.57,7.52,89516.3,748322482.0,0.7483,794,0,72.0,3.0,30.0,1.25,21.4,6.6,12,Long
543,1055,(nameless),1988,19880605,19880606,2,2,25.057,117.686,530.3,4.68,6.71,2.121,27503.0,59393540.0,0.0594,246,0,30.0,1.25,12.0,0.5,22.4,18.8,6,Short
544,1057,Vanessa,1988,19880629,19880629,1,1,22.046,111.009,23467.6,31.2,66.57,9.029,295515.2,2687454844.0,2.6875,2599,0,12.0,0.5,12.0,0.5,24.9,22.5,3,Short
545,1058,(nameless),1988,19880708,19880708,1,1,25.22,119.177,10.6,2.72,3.03,1.775,671.2,1191252.0,0.0012,6,0,24.0,1.0,18.0,0.75,7.3,0.0,4,Short
546,1058,(nameless),1988,19880710,19880710,1,1,24.653,118.482,29.0,3.96,4.71,2.232,1457.8,3259845.0,0.0033,13,0,6.0,0.25,6.0,0.25,11.7,11.7,2,Short
547,1059,Warren,1988,19880718,19880720,3,3,24.06,113.463,172714.4,129.97,192.95,29.116,481114.6,19493592425.0,19.4936,4293,0,48.0,2.0,24.0,1.0,24.7,21.6,9,Moderate
548,1062,(nameless),1988,19880801,19880804,4,4,22.103,109.424,71705.8,51.69,124.18,9.873,348382.4,8211121064.0,8.2111,3057,0,78.0,3.25,60.0,2.5,13.5,1.7,14,Long
549,1063,Bill,1988,19880807,19880809,3,3,30.845,116.004,187066.6,79.8,155.45,16.092,908031.1,19848550152.0,19.8486,8574,0,60.0,2.5,42.0,1.75,23.7,14.2,11,Long
550,1075,Kit,1988,19880920,19880922,3,3,25.306,116.926,110087.5,115.0,148.0,29.124,320447.7,12301893909.0,12.3019,2876,0,54.0,2.25,18.0,0.75,15.0,11.2,10,Moderate
551,1076,Mamie,1988,19880922,19880924,3,3,24.509,116.329,123573.5,138.05,145.31,24.0,330239.7,13899853310.0,13.8999,2940,0,54.0,2.25,24.0,1.0,17.6,0.0,10,Moderate
552,1078,(nameless),1988,19880930,19881004,5,5,20.069,109.683,70876.6,161.77,164.56,17.544,197904.9,8229185085.0,8.2292,1724,0,102.0,4.25,78.0,3.25,10.7,0.0,18,Extreme
553,1080,(nameless),1988,19881010,19881010,1,1,18.849,109.84,712.0,15.36,20.36,5.236,15923.5,83317726.0,0.0833,136,0,6.0,0.25,0.0,0.0,14.3,14.3,2,Short
554,1082,(nameless),1988,19881015,19881016,2,2,18.493,109.347,3016.5,45.77,42.35,20.245,10316.3,353710584.0,0.3537,88,0,30.0,1.25,12.0,0.5,19.5,12.9,6,Short
555,1083,Pat,1988,19881021,19881023,3,3,21.888,108.121,80830.5,71.19,145.75,22.447,336345.5,9268023864.0,9.268,2951,0,54.0,2.25,24.0,1.0,28.9,20.7,10,Moderate
556,1084,Ruby,1988,19881027,19881029,3,3,19.97,109.759,95329.7,265.01,185.27,29.791,181670.4,11075696774.0,11.0757,1580,0,54.0,2.25,48.0,2.0,12.8,6.6,10,Moderate
557,1086,Skip,1988,19881110,19881112,3,3,19.23,109.808,12354.0,66.48,53.14,17.4,38080.1,1442214422.0,1.4422,326,0,60.0,2.5,42.0,1.75,8.3,4.0,11,Long
558,1091,Brenda,1989,19890519,19890521,3,3,23.28,113.777,187519.4,201.2,179.77,36.711,349785.9,21294947506.0,21.2949,3094,0,60.0,2.5,42.0,1.75,15.9,8.8,11,Long
559,1092,Cecil,1989,19890523,19890526,4,4,19.02,109.549,12068.8,75.12,67.06,12.228,41795.0,1410702580.0,1.4107,358,0,72.0,3.0,60.0,2.5,13.1,9.1,13,Long
560,1093,Dot,1989,19890608,19890611,4,4,20.629,108.842,94108.2,192.77,147.49,22.875,309733.3,10882772723.0,10.8828,2715,0,90.0,3.75,54.0,2.25,15.2,7.6,16,Extreme
561,1094,Ellis,1989,19890625,19890625,1,1,46.211,132.593,254.0,1.75,2.02,1.245,17443.1,21729811.0,0.0217,204,0,18.0,0.75,6.0,0.25,23.6,19.3,4,Short
562,1095,(nameless),1989,19890625,19890627,3,3,19.33,109.63,13500.0,50.35,58.68,13.903,51924.0,1574900663.0,1.5749,446,0,48.0,2.0,30.0,1.25,16.1,9.1,9,Moderate
563,1096,Faye,1989,19890710,19890711,2,2,21.692,108.759,56947.9,58.15,143.33,11.301,443587.2,6537338911.0,6.5373,3902,0,36.0,1.5,30.0,1.25,23.0,19.0,7,Moderate
564,1097,Gordon,1989,19890717,19890719,3,3,22.644,109.599,231918.0,123.23,170.26,21.709,755336.8,26454085172.0,26.4541,6689,0,54.0,2.25,36.0,1.5,22.0,19.2,10,Moderate
565,1098,Hope,1989,19890718,19890723,6,6,28.694,119.432,148689.6,173.91,162.23,20.738,433978.1,16121836072.0,16.1218,4051,0,120.0,5.0,90.0,3.75,9.9,0.0,21,Extreme
566,1099,Irving,1989,19890722,19890724,3,3,20.74,107.038,31961.4,56.43,116.56,11.195,229944.4,3693811369.0,3.6938,2009,0,60.0,2.5,36.0,1.5,17.8,14.8,11,Long
567,1100,Judy,1989,19890729,19890729,1,1,41.662,127.005,4076.6,32.81,36.34,13.634,27654.6,376559664.0,0.3766,299,0,6.0,0.25,0.0,0.0,27.7,27.7,2,Short
568,1102,(nameless),1989,19890729,19890730,2,2,27.406,119.686,13742.9,26.39,67.05,8.81,162821.9,1508220799.0,1.5082,1484,0,36.0,1.5,18.0,0.75,14.8,0.0,7,Moderate
569,1101,Ken,1989,19890803,19890807,5,5,32.118,116.11,337756.5,112.21,172.57,16.394,1074853.8,35355613392.0,35.3556,10227,0,96.0,4.0,66.0,2.75,15.6,0.0,17,Extreme
570,1103,Mac,1989,19890807,19890807,1,1,46.718,132.699,10.0,1.47,1.49,1.249,678.2,846904.0,0.0008,8,0,6.0,0.25,0.0,0.0,20.5,19.0,4,Short
571,1104,(nameless),1989,19890809,19890812,4,4,22.42,108.902,112501.6,70.15,110.8,14.32,500475.4,12852905792.0,12.8529,4411,0,78.0,3.25,36.0,1.5,20.0,9.4,14,Long
572,1108,(nameless),1989,19890816,19890820,5,5,28.531,120.072,46723.4,58.0,112.28,9.02,255177.7,5072850028.0,5.0729,2343,0,102.0,4.25,78.0,3.25,10.3,0.0,18,Extreme
573,1109,(nameless),1989,19890822,19890822,1,1,25.278,118.363,2920.6,20.86,36.34,5.818,55758.7,326434247.0,0.3264,502,0,12.0,0.5,6.0,0.25,14.1,12.4,3,Short
574,1111,Roger,1989,19890823,19890825,3,3,28.88,120.569,39594.9,71.72,149.53,14.202,192473.3,4285134192.0,4.2851,1773,0,72.0,3.0,48.0,2.0,14.9,0.0,12,Long
575,1113,Sarah,1989,19890911,19890912,2,2,27.515,120.403,12485.8,52.57,145.48,9.367,117033.9,1368778127.0,1.3688,1060,0,24.0,1.0,12.0,0.5,17.4,16.3,5,Short
576,1114,Sarah(-)1,1989,19890911,19890914,4,4,27.273,119.165,104318.0,91.94,153.94,14.363,428804.3,11456311781.0,11.4563,3904,0,66.0,2.75,54.0,2.25,13.1,6.2,12,Long
577,1116,Vera,1989,19890915,19890917,3,3,31.03,119.753,169647.7,111.2,140.14,19.027,575313.6,17961572966.0,17.9616,5414,0,66.0,2.75,36.0,1.5,40.2,17.5,12,Long
578,1117,Wayne,1989,19890917,19890918,2,2,27.44,120.592,103.7,6.43,6.43,2.468,4153.9,11372928.0,0.0114,38,0,48.0,2.0,18.0,0.75,22.0,13.4,8,Moderate
579,1119,Brian,1989,19890929,19891003,5,5,19.541,110.196,79029.3,249.58,207.27,31.586,162423.2,9206670523.0,9.2067,1417,0,108.0,4.5,60.0,2.5,16.1,5.5,19,Extreme
580,1118,Angela,1989,19891008,19891010,3,3,19.363,109.935,35597.2,157.29,184.81,42.94,51501.7,4152143389.0,4.1521,442,0,66.0,2.75,60.0,2.5,16.9,12.5,12,Long
581,1121,Dan,1989,19891012,19891014,3,3,19.594,109.19,50211.9,169.87,199.74,29.278,150184.0,5847455031.0,5.8475,1304,0,48.0,2.0,42.0,1.75,24.6,18.1,9,Moderate
582,1122,Elsie,1989,19891021,19891022,2,2,19.438,109.948,27010.5,142.42,140.43,31.371,52282.8,3149135913.0,3.1491,449,0,30.0,1.25,30.0,1.25,23.6,16.2,6,Short
583,1130,Marian,1990,19900517,19900519,3,3,24.198,116.237,57668.1,80.93,113.75,17.848,274746.5,6500485936.0,6.5005,2428,0,72.0,3.0,24.0,1.0,28.9,18.9,12,Long
584,1130,Marian,1990,19900520,19900520,1,1,30.25,122.201,4.6,2.33,2.33,2.281,213.6,487188.0,0.0005,2,0,12.0,0.5,6.0,0.25,32.4,26.9,4,Short
585,1132,(nameless),1990,19900524,19900529,6,6,19.297,109.673,68038.1,288.09,158.78,19.912,151405.9,7938513488.0,7.9385,1318,1,120.0,5.0,114.0,4.75,8.5,0.0,21,Extreme
586,1133,Nathan,1990,19900615,19900619,5,5,21.556,109.372,207481.5,193.84,145.43,20.813,596400.5,23842412304.0,23.8424,5263,0,96.0,4.0,42.0,1.75,20.1,5.8,17,Extreme
587,1134,(nameless),1990,19900615,19900615,1,1,18.675,109.096,132.6,5.72,7.39,2.599,5974.9,15527648.0,0.0155,51,0,18.0,0.75,12.0,0.5,9.0,0.0,4,Short
588,1135,Ofelia,1990,19900623,19900626,4,4,30.546,120.067,108414.5,78.08,135.57,11.732,635929.3,11517976138.0,11.518,6068,0,72.0,3.0,36.0,1.5,30.3,22.5,13,Long
589,1136,Percy,1990,19900628,19900630,3,3,25.436,116.744,157828.4,112.93,211.11,20.009,540066.5,17612531899.0,17.6125,4899,0,54.0,2.25,42.0,1.75,14.8,9.4,10,Moderate
590,1137,Robyn,1990,19900709,19900711,3,3,30.681,120.909,7306.4,20.57,43.89,7.299,99967.7,776744094.0,0.7767,933,0,60.0,2.5,24.0,1.0,27.2,20.2,12,Long
591,1137,Robyn,1990,19900712,19900714,3,3,43.818,131.095,9297.3,60.03,77.85,16.226,35603.0,829358529.0,0.8294,401,0,36.0,1.5,24.0,1.0,16.2,0.0,10,Moderate
592,1138,(nameless),1990,19900720,19900723,4,4,20.289,108.538,28833.9,63.98,146.9,10.099,218071.4,3342419879.0,3.3424,1904,0,78.0,3.25,30.0,1.25,22.2,14.4,14,Long
593,1142,Tasha,1990,19900728,19900731,4,4,24.62,115.383,187897.5,155.18,144.56,24.482,607391.7,21113674816.0,21.1137,5449,0,90.0,3.75,36.0,1.5,11.8,0.0,16,Extreme
594,1144,Winona,1990,19900804,19900805,2,2,29.245,121.26,9367.1,51.36,136.7,16.122,55647.6,1010399745.0,1.0104,520,0,18.0,0.75,6.0,0.25,18.6,12.8,5,Short
595,1145,Yancy,1990,19900818,19900823,6,6,26.155,118.107,432159.9,283.26,199.11,31.273,435228.1,47942693624.0,47.9427,3941,1,126.0,5.25,96.0,4.0,13.4,6.5,22,Extreme
596,1147,Zola,1990,19900822,19900822,1,1,44.654,132.502,703.3,99.13,100.71,43.953,1400.5,61849501.0,0.0618,16,0,6.0,0.25,6.0,0.25,56.5,52.3,4,Short
597,1148,Becky,1990,19900827,19900829,3,3,19.514,109.836,57698.2,163.56,155.84,40.292,105218.9,6723184431.0,6.7232,910,0,72.0,3.0,42.0,1.75,22.6,15.9,12,Long
598,1148,Becky,1990,19900830,19900830,1,1,22.022,102.112,44.0,11.58,12.68,2.748,1839.1,5040209.0,0.005,16,0,6.0,0.25,6.0,0.25,15.9,15.9,2,Short
599,1149,Abe,1990,19900830,19900902,4,4,32.515,121.195,291925.3,176.61,217.53,29.562,611650.7,30356073481.0,30.3561,5998,0,90.0,3.75,48.0,2.0,24.8,13.8,16,Extreme
600,1150,Cecil,1990,19900902,19900905,4,4,28.045,120.1,92120.9,139.16,171.91,16.503,328141.3,10046716256.0,10.0467,3011,0,60.0,2.5,36.0,1.5,14.8,0.0,11,Long
601,1151,Dot,1990,19900907,19900907,1,1,26.811,119.429,9115.6,32.75,80.84,11.144,90558.2,1005831632.0,1.0058,818,0,18.0,0.75,6.0,0.25,22.2,19.5,4,Short
602,1152,Dot(-)1,1990,19900907,19900910,4,4,25.967,117.043,411629.4,224.45,148.33,24.288,801889.7,45737455037.0,45.7375,7270,0,66.0,2.75,66.0,2.75,14.8,0.0,12,Long
603,1153,Dot(-)2,1990,19900910,19900912,3,3,24.076,114.818,263975.7,140.67,143.06,24.406,573029.6,29785722286.0,29.7857,5095,0,36.0,1.5,36.0,1.5,16.2,6.3,7,Moderate
604,1154,Ed,1990,19900916,19900920,5,5,20.188,108.913,48172.7,158.79,166.2,18.578,148833.5,5587634214.0,5.5876,1297,0,102.0,4.25,66.0,2.75,12.5,5.8,18,Extreme
605,1156,Gene,1990,19900927,19900927,1,1,28.704,121.574,100.0,4.25,4.78,2.222,4878.8,10841417.0,0.0108,45,0,24.0,1.0,12.0,0.5,11.8,10.5,4,Short
606,1158,Ira,1990,19901003,19901003,1,1,18.15,109.592,211.6,56.74,56.74,52.897,470.0,24859547.0,0.0249,4,0,12.0,0.5,6.0,0.25,29.3,25.3,4,Short
607,1161,Lola,1990,19901017,19901017,1,1,18.256,109.827,83.9,19.55,19.92,13.981,704.6,9849929.0,0.0098,6,0,24.0,1.0,6.0,0.25,16.4,11.4,4,Short
608,1162,Mike,1990,19901115,19901118,4,4,21.392,109.773,103870.6,113.14,117.58,16.843,320567.0,11952012043.0,11.952,2813,0,78.0,3.25,42.0,1.75,13.1,0.0,14,Long
609,1169,Vanessa,1991,19910428,19910428,1,1,22.272,111.936,26.4,4.56,5.33,2.202,1373.1,3023889.0,0.003,12,0,18.0,0.75,12.0,0.5,25.7,16.2,4,Short
610,1171,Yunya,1991,19910616,19910617,2,2,25.883,118.542,1533.5,23.46,40.88,7.824,21802.1,170583291.0,0.1706,196,0,30.0,1.25,0.0,0.0,15.7,9.4,6,Short
611,1173,Zeke,1991,19910712,19910715,4,4,22.127,106.853,206176.6,100.79,212.77,18.86,632802.1,23597062886.0,23.5971,5586,0,72.0,3.0,48.0,2.0,18.1,14.9,13,Long
612,1174,Amy,1991,19910718,19910720,3,3,24.248,113.316,229447.6,117.47,167.45,23.005,858411.5,25858228396.0,25.8582,7705,0,54.0,2.25,24.0,1.0,30.4,22.2,10,Moderate
613,1175,Brendan,1991,19910723,19910725,3,3,22.675,110.991,192904.9,149.13,175.96,23.728,596793.9,22004519721.0,22.0045,5276,0,60.0,2.5,48.0,2.0,26.8,14.9,11,Long
614,1176,Brendan(-)1,1991,19910725,19910728,4,4,21.889,108.425,175930.5,195.68,187.05,19.129,382472.1,20177858613.0,20.1779,3356,0,72.0,3.0,72.0,3.0,9.6,0.0,13,Long
615,1177,Caitlin,1991,19910730,19910730,1,1,44.732,131.772,18890.7,58.41,68.08,37.556,44464.5,1658813403.0,1.6588,503,0,12.0,0.5,6.0,0.25,40.9,40.0,3,Short
616,1180,Fred,1991,19910814,19910817,4,4,21.431,111.397,166841.2,163.26,219.78,25.074,354905.8,19192640412.0,19.1926,3111,0,90.0,3.75,54.0,2.25,16.9,12.7,16,Extreme
617,1179,Ellie,1991,19910817,19910819,3,3,25.655,117.846,38226.5,43.66,123.61,9.082,304015.6,4258490910.0,4.2585,2734,0,54.0,2.25,42.0,1.75,12.5,8.8,10,Moderate
618,1181,Gladys,1991,19910823,19910824,2,2,36.154,118.827,24354.0,25.86,37.87,10.068,230907.7,2430803843.0,2.4308,2298,0,30.0,1.25,18.0,0.75,20.1,15.2,8,Short
619,1185,Joel,1991,19910904,19910908,5,5,25.156,115.114,312629.2,178.87,186.04,23.372,575971.8,34971301520.0,34.9713,5159,0,96.0,4.0,48.0,2.0,11.0,0.0,17,Extreme
620,1189,Nat,1991,19910917,19910918,2,2,23.061,115.258,6.8,1.74,1.83,1.361,568.5,773942.0,0.0008,5,0,48.0,2.0,30.0,1.25,8.4,0.0,8,Moderate
621,1189,Nat,1991,19910922,19910925,4,4,25.117,117.662,6801.7,17.9,47.65,5.972,120581.5,761369505.0,0.7614,1077,0,96.0,4.0,48.0,2.0,12.9,7.1,16,Extreme
622,1189,Nat,1991,19910930,19911002,3,3,24.969,117.482,59760.8,104.12,142.76,16.156,292376.8,6696693088.0,6.6967,2638,0,66.0,2.75,54.0,2.25,17.0,9.0,12,Long
623,1187,Mireille,1991,19910926,19910926,1,1,29.829,121.986,331.1,11.83,16.12,5.093,6986.0,35510278.0,0.0355,65,0,24.0,1.0,6.0,0.25,26.3,18.6,4,Short
624,1196,Wilda,1991,19911120,19911120,1,1,19.193,110.534,105.6,3.63,4.52,1.821,6770.8,12336001.0,0.0123,58,0,0.0,0.0,0.0,0.0,,,1,Short
625,1202,Chuck,1992,19920626,19920701,6,6,22.332,107.593,182130.3,105.49,183.77,17.06,551045.2,20812881058.0,20.8129,4872,0,132.0,5.5,84.0,3.5,11.9,5.7,23,Extreme
626,1204,Eli,1992,19920712,19920714,3,3,21.752,108.098,94907.6,105.68,151.22,18.216,399808.1,10892720255.0,10.8927,3506,0,48.0,2.0,24.0,1.0,24.9,19.9,9,Moderate
627,1205,Faye,1992,19920716,19920718,3,3,23.262,114.359,38034.0,78.22,138.49,12.802,255364.0,4319515882.0,4.3195,2262,0,54.0,2.25,48.0,2.0,14.9,5.1,10,Moderate
628,1206,Gary,1992,19920721,19920723,3,3,21.894,109.906,174537.5,116.66,192.49,20.604,621013.0,20015691247.0,20.0157,5476,0,66.0,2.75,42.0,1.75,21.5,14.2,12,Long
629,1208,Irving,1992,19920805,19920805,1,1,37.596,121.34,52.9,4.48,4.99,2.517,2055.9,5178596.0,0.0052,21,0,6.0,0.25,6.0,0.25,21.6,14.0,3,Short
630,1212,Mark,1992,19920815,19920819,5,5,24.518,117.153,111233.2,198.43,179.47,16.291,304712.6,12510986230.0,12.511,2724,0,102.0,4.25,84.0,3.5,9.6,0.0,18,Extreme
631,1215,Polly,1992,19920829,19920831,3,3,27.923,119.478,262128.5,233.28,198.64,43.177,447080.5,28623220110.0,28.6232,4106,0,66.0,2.75,36.0,1.5,12.7,4.1,12,Long
632,1216,Polly(-)1,1992,19920831,19920902,3,3,34.267,120.091,541727.4,139.1,198.64,33.877,1046668.7,55184098751.0,55.1841,10354,0,42.0,1.75,30.0,1.25,33.0,23.6,8,Moderate
633,1214,Omar,1992,19920904,19920908,5,5,23.782,112.973,328988.5,122.78,121.24,20.047,857570.1,37204673236.0,37.2047,7634,0,114.0,4.75,72.0,3.0,16.3,8.8,20,Extreme
634,1220,(nameless),1992,19920918,19920920,3,3,19.921,110.23,57367.3,168.87,146.9,26.621,166237.0,6667145969.0,6.6671,1445,0,48.0,2.0,30.0,1.25,22.4,6.5,9,Moderate
635,1219,Ted,1992,19920921,19920924,4,4,29.637,120.226,191602.1,151.78,210.79,27.541,449580.5,20578615372.0,20.5786,4234,0,96.0,4.0,42.0,1.75,31.4,10.6,16,Extreme
636,1227,Colleen,1992,19921028,19921028,1,1,18.602,109.785,145.8,10.26,14.73,2.43,7033.5,17084502.0,0.0171,60,0,18.0,0.75,12.0,0.5,17.5,14.4,4,Short
637,1235,Koryn,1993,19930626,19930628,3,3,22.652,111.017,163366.0,127.36,189.9,21.088,625506.4,18636331884.0,18.6363,5530,0,60.0,2.5,30.0,1.25,26.4,20.3,11,Long
638,1237,Lewis,1993,19930710,19930712,3,3,20.733,108.633,41517.0,64.48,126.84,11.4,238996.1,4798991584.0,4.799,2083,0,60.0,2.5,54.0,2.25,18.9,7.2,11,Long
639,1240,Ofelia,1993,19930728,19930728,1,1,43.322,130.791,4337.2,45.1,67.43,21.795,17762.5,390126143.0,0.3901,199,0,18.0,0.75,12.0,0.5,9.6,0.0,4,Short
640,1241,Percy,1993,19930730,19930731,2,2,44.307,132.111,771.3,20.39,21.63,8.475,7414.2,68228811.0,0.0682,83,0,24.0,1.0,12.0,0.5,26.5,11.6,6,Short
641,1242,Robyn,1993,19930810,19930811,2,2,43.005,130.83,1023.0,24.15,23.54,9.3,6609.1,92496696.0,0.0925,73,0,12.0,0.5,12.0,0.5,32.0,26.0,8,Short
642,1243,Steve,1993,19930814,19930814,1,1,27.156,120.429,6.6,2.46,2.47,2.204,329.7,727330.0,0.0007,3,0,0.0,0.0,0.0,0.0,,,1,Short
643,1244,Tasha,1993,19930818,19930822,5,5,22.493,110.374,360293.4,191.1,243.64,27.086,814749.2,41138562190.0,41.1386,7237,0,102.0,4.25,54.0,2.25,17.8,8.9,18,Extreme
644,1247,Winona,1993,19930827,19930829,3,3,19.167,109.861,12544.9,66.95,67.36,12.723,56792.7,1465004846.0,1.465,488,0,60.0,2.5,54.0,2.25,18.0,10.8,11,Long
645,1248,Yancy,1993,19930905,19930905,1,1,44.05,131.25,1.2,1.22,1.22,1.222,88.9,108634.0,0.0001,1,0,6.0,0.25,6.0,0.25,6.9,6.9,2,Short
646,1250,Abe,1993,19930912,19930914,3,3,23.894,116.028,44447.4,104.73,184.86,17.295,238452.5,5023977407.0,5.024,2125,0,66.0,2.75,60.0,2.5,12.3,6.3,12,Long
647,1251,Becky,1993,19930916,19930918,3,3,23.248,109.951,225778.6,102.69,175.42,23.879,692218.7,25641122629.0,25.6411,6126,0,54.0,2.25,30.0,1.25,27.1,17.5,10,Moderate
648,1252,Dot,1993,19930921,19930927,7,7,22.764,113.451,240655.7,330.09,207.73,28.339,363387.7,27429775158.0,27.4298,3208,1,144.0,6.0,66.0,2.75,7.8,3.7,25,Extreme
649,1257,(nameless),1993,19931012,19931013,2,2,23.435,114.713,4603.4,13.09,39.86,5.334,97644.7,522186315.0,0.5222,862,0,42.0,1.75,36.0,1.5,15.6,11.8,8,Moderate
650,1259,Ira,1993,19931103,19931105,3,3,22.939,112.916,91068.1,163.77,162.93,26.667,251838.9,10368017029.0,10.368,2226,0,48.0,2.0,36.0,1.5,16.0,13.2,9,Moderate
651,1267,Russ,1994,19940603,19940609,7,7,22.327,110.751,297364.3,199.29,283.18,24.888,672359.2,33986943650.0,33.9869,5971,1,150.0,6.25,78.0,3.25,10.2,0.0,26,Extreme
652,1268,Russ(-)1,1994,19940609,19940611,3,3,27.518,115.803,489970.0,144.73,169.82,30.596,1086637.6,53678377592.0,53.6784,9919,0,54.0,2.25,30.0,1.25,35.5,15.2,10,Moderate
653,1269,Sharon,1994,19940624,19940625,2,2,24.12,110.565,64818.4,38.34,162.34,11.751,559504.9,7298549200.0,7.2985,5007,0,36.0,1.5,18.0,0.75,31.8,12.8,7,Moderate
654,1270,(nameless),1994,19940702,19940706,5,5,23.159,110.452,363128.4,171.16,280.66,21.736,765101.1,41261213815.0,41.2612,6801,0,84.0,3.5,60.0,2.5,16.9,6.5,15,Long
655,1271,Tim,1994,19940710,19940713,4,4,35.54,117.355,913835.5,146.15,263.5,33.988,1871275.3,91327229430.0,91.3272,18571,0,84.0,3.5,18.0,0.75,35.6,10.5,15,Long
656,1272,Vanessa,1994,19940711,19940711,1,1,25.758,118.096,64204.7,90.79,186.29,35.551,201939.3,7148332949.0,7.1483,1806,0,12.0,0.5,0.0,0.0,31.3,29.9,3,Short
657,1276,(nameless),1994,19940718,19940722,5,5,22.697,110.01,433173.7,241.8,308.41,25.96,656793.4,49393763197.0,49.3938,5820,0,96.0,4.0,90.0,3.75,7.0,0.0,17,Extreme
658,1278,Amy,1994,19940726,19940731,6,6,22.435,108.837,250480.8,157.63,159.49,18.524,467598.4,28616272182.0,28.6163,4109,0,120.0,5.0,120.0,5.0,9.7,0.0,21,Extreme
659,1279,Brendan,1994,19940731,19940731,1,1,29.872,121.286,763.4,14.59,36.48,4.863,16646.3,81734708.0,0.0817,157,0,24.0,1.0,12.0,0.5,35.6,28.8,4,Short
660,1279,Brendan,1994,19940801,19940801,1,1,42.079,128.177,340.7,7.94,11.41,2.726,11464.6,31269996.0,0.0313,125,0,24.0,1.0,12.0,0.5,38.3,33.1,4,Short
661,1280,Caitlin,1994,19940803,19940805,3,3,25.351,114.874,287314.0,125.43,186.08,26.2,738166.5,32091136500.0,32.0911,6662,0,60.0,2.5,42.0,1.75,21.5,9.9,11,Long
662,1281,Doug,1994,19940807,19940810,4,4,29.425,120.221,56468.2,55.58,138.66,11.282,350159.4,6077912416.0,6.0779,3252,0,96.0,4.0,48.0,2.0,17.0,6.4,16,Extreme
663,1281,Doug,1994,19940811,19940811,1,1,37.498,121.45,2.3,1.18,1.18,1.127,196.2,221125.0,0.0002,2,0,24.0,1.0,6.0,0.25,6.5,4.6,4,Short
664,1281,Doug,1994,19940812,19940813,2,2,31.079,119.243,10783.6,15.54,38.39,5.199,207497.4,1141612493.0,1.1416,1960,0,24.0,1.0,12.0,0.5,20.6,12.1,5,Short
665,1282,Ellie,1994,19940813,19940817,5,5,42.037,125.406,360369.5,145.79,159.94,27.778,871320.5,33018703479.0,33.0187,9490,0,84.0,3.5,18.0,0.75,30.9,10.9,17,Long
666,1284,Fred,1994,19940820,19940825,6,6,31.875,118.327,388923.1,96.66,182.82,20.627,1173892.1,40750066367.0,40.7501,11297,0,120.0,5.0,66.0,2.75,21.9,11.6,21,Extreme
667,1286,Harry,1994,19940826,19940829,4,4,21.788,109.299,208982.9,169.45,209.62,21.753,604420.0,23981397974.0,23.9814,5321,0,78.0,3.25,60.0,2.5,18.9,10.4,14,Long
668,1285,Gladys,1994,19940901,19940903,3,3,30.308,117.375,138503.9,65.66,131.32,14.785,789182.7,14760221201.0,14.7602,7456,0,60.0,2.5,42.0,1.75,24.4,9.8,11,Long
669,1289,Joel,1994,19940903,19940908,6,6,21.67,107.947,124688.8,107.46,150.2,18.909,389544.2,14318691401.0,14.3187,3419,0,120.0,5.0,42.0,1.75,13.6,0.0,21,Extreme
670,1291,Luke,1994,19940911,19940914,4,4,20.277,110.682,60924.7,144.61,160.4,17.032,248083.2,7063448780.0,7.0634,2168,0,72.0,3.0,48.0,2.0,21.1,14.3,13,Long
671,1297,Seth,1994,19941009,19941011,3,3,29.797,120.715,72064.3,104.18,137.02,20.625,209456.3,7729643341.0,7.7296,1941,0,66.0,2.75,42.0,1.75,25.9,15.2,12,Long
672,1297,Seth,1994,19941012,19941012,1,1,43.383,129.933,13979.3,26.5,36.35,11.857,104736.0,1255951270.0,1.256,1179,0,18.0,0.75,12.0,0.5,58.2,35.6,4,Short
673,1297,Seth,1994,19941013,19941013,1,1,48.401,135.05,28.4,14.54,14.57,14.214,164.2,2333581.0,0.0023,2,0,6.0,0.25,6.0,0.25,38.4,31.5,4,Short
674,1303,Axel,1994,19941225,19941226,2,2,23.087,114.954,18419.4,57.51,74.11,18.911,77040.1,2094945822.0,2.0949,676,0,42.0,1.75,24.0,1.0,8.5,0.0,8,Moderate
675,1306,Deanna,1995,19950605,19950605,1,1,22.939,116.421,13.6,3.49,3.55,2.725,569.3,1551261.0,0.0016,5,0,24.0,1.0,18.0,0.75,2.3,0.0,4,Short
676,1306,Deanna,1995,19950607,19950609,3,3,26.554,118.263,32373.8,43.82,90.47,17.021,199572.2,3578900700.0,3.5789,1794,0,60.0,2.5,12.0,0.5,31.4,4.1,11,Long
677,1307,Faye,1995,19950722,19950722,1,1,28.571,121.497,409.6,23.18,28.79,7.447,5971.3,44477748.0,0.0445,55,0,24.0,1.0,12.0,0.5,26.1,17.9,4,Short
678,1307,Faye,1995,19950723,19950724,2,2,43.38,129.459,3527.6,10.43,24.51,4.027,76474.5,316959308.0,0.317,856,0,30.0,1.25,12.0,0.5,40.4,31.0,8,Short
679,1308,Gary,1995,19950729,19950802,5,5,26.748,115.998,244267.9,108.2,158.44,19.67,869219.2,26945187509.0,26.9452,8000,0,96.0,4.0,36.0,1.5,16.5,0.0,17,Extreme
680,1309,Helen,1995,19950810,19950813,4,4,24.195,115.301,210382.2,177.16,175.95,22.412,645267.0,23719708152.0,23.7197,5798,0,72.0,3.0,42.0,1.75,17.4,9.0,13,Long
681,1310,Irving,1995,19950817,19950820,4,4,21.719,109.233,49126.1,63.98,148.92,9.621,367698.3,5639748075.0,5.6397,3233,0,78.0,3.25,48.0,2.0,11.9,5.8,14,Long
682,1311,Janis,1995,19950823,19950827,5,5,30.259,120.364,75607.2,74.45,131.81,12.336,360705.8,8069093525.0,8.0691,3373,0,108.0,4.5,48.0,2.0,28.8,9.9,20,Extreme
683,1312,Lois,1995,19950826,19950830,5,5,20.421,109.593,121582.3,243.34,222.73,25.661,232834.6,14082280720.0,14.0823,2030,0,96.0,4.0,78.0,3.25,12.7,6.5,17,Extreme
684,1313,Kent,1995,19950830,19950901,3,3,23.342,111.477,198519.0,126.5,178.56,28.263,655725.1,22532552448.0,22.5326,5819,0,48.0,2.0,18.0,0.75,28.1,20.4,9,Moderate
685,1315,Nina,1995,19950906,19950907,2,2,21.495,109.505,77492.1,73.21,128.93,16.558,414081.6,8910673442.0,8.9107,3640,0,42.0,1.75,30.0,1.25,25.0,16.5,8,Moderate
686,1318,Ryan,1995,19950918,19950922,5,5,22.683,114.765,7300.9,18.2,40.45,5.506,126351.8,832242515.0,0.8322,1104,0,120.0,5.0,30.0,1.25,18.4,5.2,20,Extreme
687,1319,Sibyl,1995,19951002,19951004,3,3,24.16,112.028,363818.3,176.26,174.13,32.618,643006.3,41018118017.0,41.0181,5715,0,48.0,2.0,30.0,1.25,18.4,12.2,9,Moderate
688,1320,Ted,1995,19951009,19951014,6,6,22.272,110.591,390466.0,242.73,249.09,36.816,641123.5,44645574501.0,44.6456,5690,1,126.0,5.25,42.0,1.75,15.3,5.8,22,Extreme
689,1324,Zack,1995,19951101,19951101,1,1,18.952,110.192,355.6,9.1,11.24,4.135,10056.0,41581929.0,0.0416,86,0,18.0,0.75,6.0,0.25,22.9,21.8,4,Short
690,1325,Angela,1995,19951105,19951107,3,3,20.416,109.278,42270.0,92.74,141.03,18.556,144781.6,4896326759.0,4.8963,1258,0,48.0,2.0,36.0,1.5,14.1,0.0,9,Moderate
691,1335,FRANKIE,1996,19960721,19960724,4,4,20.878,109.291,111492.6,155.67,174.56,16.668,356830.3,12874127095.0,12.8741,3124,0,84.0,3.5,66.0,2.75,14.4,8.0,15,Long
692,1336,GLORIA,1996,19960726,19960728,3,3,25.173,112.601,269723.4,87.38,157.08,19.707,1030060.9,30166831710.0,30.1668,9266,0,54.0,2.25,30.0,1.25,25.2,13.1,10,Moderate
693,1337,HERB,1996,19960731,19960803,4,4,28.369,115.16,671390.2,172.1,254.43,32.299,1281054.2,72923353887.0,72.9234,11958,0,90.0,3.75,60.0,2.5,19.3,10.4,16,Extreme
694,1340,LISA,1996,19960804,19960808,5,5,24.789,116.738,111441.3,138.82,221.93,18.611,374402.7,12503522962.0,12.5035,3341,0,78.0,3.25,42.0,1.75,16.2,1.7,14,Long
695,1341,(nameless),1996,19960811,19960815,5,5,22.914,108.393,221996.7,121.03,154.08,15.234,592443.8,25270085707.0,25.2701,5244,0,90.0,3.75,90.0,3.75,8.0,0.0,16,Extreme
696,1342,NIKI,1996,19960821,19960823,3,3,19.812,109.408,66381.8,171.1,179.31,26.269,200792.1,7719691548.0,7.7197,1750,0,48.0,2.0,42.0,1.75,24.1,18.4,9,Moderate
697,1345,SALLY,1996,19960908,19960909,2,2,22.174,110.623,67944.1,64.2,150.85,15.612,428019.1,7777892761.0,7.7779,3764,0,42.0,1.75,24.0,1.0,36.0,27.4,8,Moderate
698,1346,(nameless),1996,19960911,19960913,3,3,19.41,109.819,44243.0,170.92,194.77,41.271,66649.3,5158900345.0,5.1589,574,0,60.0,2.5,42.0,1.75,21.2,0.0,11,Long
699,1349,WILLIE,1996,19960916,19960922,7,7,20.208,110.169,218398.7,436.48,349.65,26.453,283557.2,25332968690.0,25.333,2479,1,150.0,6.25,150.0,6.25,8.8,0.0,26,Extreme
700,1351,ZANE,1996,19960929,19960929,1,1,28.974,121.919,120.4,18.18,18.2,8.602,1515.3,13025578.0,0.013,14,0,24.0,1.0,12.0,0.5,12.1,8.2,4,Short
701,1352,BETH,1996,19961013,19961014,2,2,23.204,116.087,906.1,9.36,11.07,4.215,23965.8,102972816.0,0.103,211,0,48.0,2.0,36.0,1.5,14.8,5.1,8,Moderate
702,1352,BETH,1996,19961015,19961015,1,1,19.65,110.35,1.5,1.47,1.47,1.471,116.4,171329.0,0.0002,1,0,12.0,0.5,12.0,0.5,12.8,9.1,3,Short
703,1353,ABEL,1996,19961020,19961020,1,1,22.206,114.425,8.9,2.07,2.22,1.48,686.9,1016609.0,0.001,6,0,24.0,1.0,6.0,0.25,12.9,7.3,4,Short
704,1353,ABEL,1996,19961021,19961021,1,1,19.037,110.119,3046.4,32.2,75.06,8.96,39683.9,356051638.0,0.3561,340,0,12.0,0.5,12.0,0.5,21.7,19.3,3,Short
705,1355,(nameless),1996,19961103,19961103,1,1,18.583,109.37,9433.7,138.66,153.41,76.697,14407.3,1105588321.0,1.1056,123,0,6.0,0.25,6.0,0.25,29.1,29.1,2,Short
706,1357,ERNIE,1996,19961110,19961111,2,2,24.114,117.595,2603.5,27.35,45.49,6.961,32904.3,293801045.0,0.2938,291,0,48.0,2.0,30.0,1.25,7.7,4.1,8,Moderate
707,1367,PEPER,1997,19970627,19970627,1,1,29.825,122.006,1333.9,50.1,68.05,21.173,6773.8,143079974.0,0.1431,63,0,24.0,1.0,12.0,0.5,33.6,24.9,4,Short
708,1371,VICTOR,1997,19970731,19970804,5,5,26.062,115.504,424939.0,152.39,178.66,20.755,1412862.9,47113449050.0,47.1134,13069,0,102.0,4.25,36.0,1.5,19.1,5.1,18,Extreme
709,1370,TINA,1997,19970807,19970808,2,2,29.329,121.403,124.9,5.32,6.95,2.549,5172.8,13460875.0,0.0135,48,0,42.0,1.75,18.0,0.75,21.3,11.2,8,Moderate
710,1370,TINA,1997,19970809,19970809,1,1,42.964,130.767,500.9,9.66,10.23,8.212,5525.2,45322145.0,0.0453,61,0,6.0,0.25,6.0,0.25,67.9,54.3,4,Short
711,1372,WINNIE,1997,19970817,19970820,4,4,33.419,119.057,507301.5,194.12,197.42,38.534,790493.3,52282054003.0,52.2821,7592,0,72.0,3.0,30.0,1.25,23.3,14.9,13,Long
712,1373,WINNIE(-)1,1997,19970820,19970822,3,3,41.901,123.511,818857.5,138.75,197.42,38.067,1360814.1,75181304342.0,75.1813,14946,0,48.0,2.0,24.0,1.0,32.6,14.8,9,Moderate
713,1375,ZITA,1997,19970820,19970823,4,4,22.076,109.976,205883.8,140.5,181.48,26.005,524315.1,23581584814.0,23.5816,4616,0,78.0,3.25,42.0,1.75,18.2,12.3,14,Long
714,1378,CASS,1997,19970827,19970828,2,2,19.172,110.066,1107.4,14.52,17.3,5.593,20589.3,129301971.0,0.1293,177,0,42.0,1.75,18.0,0.75,6.7,4.1,7,Moderate
715,1378,CASS,1997,19970829,19970830,2,2,26.488,117.952,93540.0,81.03,159.79,24.102,413097.5,10347796602.0,10.3478,3749,0,36.0,1.5,12.0,0.5,29.6,16.6,7,Moderate
716,1376,AMBER,1997,19970828,19970830,3,3,26.828,118.411,134819.7,133.09,159.79,22.218,488284.1,14870353199.0,14.8704,4460,0,54.0,2.25,30.0,1.25,23.8,17.7,10,Moderate
717,1381,FRITZ,1997,19970922,19970925,4,4,19.196,109.956,37432.5,213.02,161.47,30.31,41564.8,4370771719.0,4.3708,356,0,90.0,3.75,90.0,3.75,5.1,0.0,16,Extreme
718,1389,NICHOLE,1998,19980708,19980711,4,4,24.435,116.686,27477.9,39.4,92.77,6.71,217723.3,3092608370.0,3.0926,1943,0,72.0,3.0,66.0,2.75,10.8,5.0,13,Long
719,1390,(nameless),1998,19980710,19980711,2,2,25.126,118.321,5543.9,35.48,92.77,7.304,69618.7,620551601.0,0.6206,625,0,24.0,1.0,6.0,0.25,18.8,16.9,5,Short
720,1391,OTTO,1998,19980804,19980805,2,2,25.697,117.773,78252.9,94.76,162.93,23.373,295574.0,8716928386.0,8.7169,2666,0,30.0,1.25,24.0,1.0,19.5,8.7,6,Short
721,1392,PENNY,1998,19980809,19980811,3,3,22.097,110.947,93039.8,93.74,184.87,18.464,383026.9,10655377918.0,10.6554,3368,0,60.0,2.5,42.0,1.75,20.3,12.4,11,Long
722,1393,(nameless),1998,19980821,19980823,3,3,21.425,109.826,59195.4,59.39,239.5,10.832,347118.1,6810435371.0,6.8104,3045,0,48.0,2.0,30.0,1.25,17.8,11.8,9,Moderate
723,1396,(nameless),1998,19980911,19980914,4,4,22.248,111.506,105699.6,75.59,146.54,12.102,466996.1,12090648127.0,12.0906,4103,0,84.0,3.5,72.0,3.0,13.0,0.0,15,Long
724,1398,TODD,1998,19980919,19980920,2,2,30.651,120.354,53195.8,67.23,131.93,19.204,232234.8,5656643901.0,5.6566,2186,0,30.0,1.25,24.0,1.0,15.6,0.0,6,Short
725,1401,YANNI,1998,19980928,19980930,3,3,29.682,121.332,12331.7,72.84,94.15,14.911,62541.4,1324560363.0,1.3246,580,0,66.0,2.75,18.0,0.75,26.3,10.5,12,Long
726,1402,(nameless),1998,19981003,19981005,3,3,19.564,109.781,64226.3,174.82,170.49,37.45,130611.4,7481533895.0,7.4815,1134,0,66.0,2.75,54.0,2.25,14.1,6.5,12,Long
727,1403,ZEB,1998,19981015,19981016,2,2,27.622,120.588,4523.7,19.4,34.56,6.008,70124.4,495429800.0,0.4954,641,0,48.0,2.0,18.0,0.75,28.3,13.1,8,Moderate
728,1404,BABS,1998,19981025,19981027,3,3,24.869,117.454,153486.3,213.09,166.29,29.551,291458.9,17214552796.0,17.2146,2613,0,66.0,2.75,42.0,1.75,13.1,5.8,12,Long
729,1407,ELVIS,1998,19981126,19981126,1,1,18.449,109.44,746.5,15.95,20.18,11.31,7740.8,87550367.0,0.0876,66,0,0.0,0.0,0.0,0.0,,,1,Short
730,1412,LEO,1999,19990427,19990502,6,6,24.04,115.441,58194.5,61.17,64.35,11.131,366070.2,6568053973.0,6.5681,3248,0,138.0,5.75,54.0,2.25,10.8,5.1,24,Extreme
731,1413,MAGGIE,1999,19990606,19990608,3,3,23.403,112.727,227186.3,106.51,159.61,22.288,683625.1,25765808416.0,25.7658,6069,0,66.0,2.75,54.0,2.25,20.9,7.6,12,Long
732,1418,(nameless),1999,19990724,19990727,4,4,24.424,115.894,119856.2,87.73,160.57,17.897,552537.9,13485036486.0,13.485,4930,0,90.0,3.75,24.0,1.0,12.2,0.0,16,Extreme
733,1417,NEIL,1999,19990727,19990728,2,2,38.634,122.631,49.0,3.68,4.16,1.816,2612.1,4732873.0,0.0047,27,0,30.0,1.25,18.0,0.75,16.2,10.3,6,Short
734,1419,OLGA,1999,19990802,19990804,3,3,44.669,127.135,112079.6,30.69,46.73,13.292,645596.2,9844120992.0,9.8441,7377,0,60.0,2.5,18.0,0.75,35.5,19.2,11,Long
735,1421,RACHEL,1999,19990805,19990807,3,3,23.592,114.755,32288.8,41.11,155.74,8.558,266468.4,3657703962.0,3.6577,2363,0,54.0,2.25,36.0,1.5,23.7,12.1,9,Moderate
736,1421,RACHEL,1999,19990809,19990809,1,1,32.033,120.977,3789.3,34.14,60.04,13.296,29961.0,397153714.0,0.3972,285,0,6.0,0.25,0.0,0.0,31.6,22.1,3,Short
737,1420,PAUL,1999,19990807,19990809,3,3,36.185,118.109,43713.9,37.64,117.05,11.157,351652.7,4357673992.0,4.3577,3493,0,48.0,2.0,24.0,1.0,18.0,0.0,10,Moderate
738,1422,SAM,1999,19990821,19990825,5,5,25.846,115.263,399506.3,136.02,244.0,18.175,1173028.6,44364554409.0,44.3646,10775,0,120.0,5.0,72.0,3.0,22.5,7.8,20,Extreme
739,1426,WENDY,1999,19990903,19990906,4,4,27.783,117.228,196891.5,79.96,250.26,14.828,842856.1,21514216486.0,21.5142,7753,0,78.0,3.25,54.0,2.25,24.1,12.3,14,Long
740,1427,YORK,1999,19990914,19990917,4,4,24.3,113.969,255762.2,160.62,250.5,24.723,591652.3,28810308709.0,28.8103,5296,0,78.0,3.25,60.0,2.5,11.1,5.1,14,Long
741,1429,ANN,1999,19990916,19990920,5,5,34.917,119.884,47516.4,52.76,74.21,13.381,266668.1,4814130246.0,4.8141,2586,0,102.0,4.25,36.0,1.5,11.2,0.0,18,Extreme
742,1431,CAM,1999,19990923,19990923,1,1,18.736,109.128,29.6,2.87,3.58,1.847,1873.6,3460240.0,0.0035,16,0,18.0,0.75,12.0,0.5,11.4,9.9,3,Short
743,1431,CAM,1999,19990924,19990926,3,3,23.103,114.702,14221.0,42.46,65.31,11.763,102177.0,1617263573.0,1.6173,900,0,54.0,2.25,54.0,2.25,9.8,1.9,10,Moderate
744,1432,DAN,1999,19991008,19991009,2,2,26.227,119.087,59956.2,132.34,244.32,27.566,211339.4,6647180437.0,6.6472,1924,0,42.0,1.75,36.0,1.5,11.9,5.8,8,Moderate
745,1433,EVE,1999,19991018,19991020,3,3,19.121,109.83,29991.1,198.28,197.47,42.844,45258.8,3503489602.0,3.5035,388,0,48.0,2.0,36.0,1.5,23.4,14.2,9,Moderate
746,1441,(nameless),2000,20000531,20000601,2,2,20.602,108.433,13170.2,29.7,133.83,10.596,110577.8,1523635168.0,1.5236,959,0,42.0,1.75,18.0,0.75,20.4,11.6,8,Moderate
747,1442,(nameless),2000,20000616,20000618,3,3,23.637,115.504,107992.6,153.5,224.98,34.758,268509.4,12229566963.0,12.2296,2369,0,48.0,2.0,24.0,1.0,17.9,9.1,9,Moderate
748,1444,Kai-tak,2000,20000706,20000707,2,2,22.901,115.322,1109.7,22.65,31.62,11.932,10132.8,126390548.0,0.1264,89,0,48.0,2.0,18.0,0.75,7.3,2.5,8,Moderate
749,1444,Kai-tak,2000,20000708,20000711,4,4,35.251,122.175,147361.7,89.8,137.61,24.536,526069.4,14808860540.0,14.8089,5249,0,84.0,3.5,24.0,1.0,29.8,5.1,15,Long
750,1445,(nameless),2000,20000715,20000720,6,6,22.441,110.244,309151.0,157.56,201.95,22.037,708202.3,35313247370.0,35.3132,6253,0,120.0,5.0,90.0,3.75,19.0,7.9,21,Extreme
751,1447,Bolaven,2000,20000731,20000731,1,1,42.343,129.647,628.1,32.18,40.75,7.137,8077.6,57399886.0,0.0574,88,0,0.0,0.0,0.0,0.0,47.4,47.4,2,Short
752,1449,Jelawat,2000,20000809,20000811,3,3,28.94,118.836,49466.2,44.53,127.88,9.303,436275.2,5350998307.0,5.351,4060,0,60.0,2.5,36.0,1.5,15.0,8.3,11,Long
753,1452,Kaemi,2000,20000821,20000822,2,2,19.042,109.769,18499.2,90.95,87.21,33.212,40519.3,2162056824.0,2.1621,347,0,36.0,1.5,24.0,1.0,21.6,10.3,7,Moderate
754,1451,Bilis,2000,20000822,20000826,5,5,27.363,117.809,412282.6,145.22,214.44,22.934,924668.3,45225844613.0,45.2258,8522,0,108.0,4.5,60.0,2.5,21.0,0.0,19,Extreme
755,1453,Prapiroon,2000,20000829,20000901,4,4,37.791,123.841,221633.8,84.98,526.03,25.103,699668.6,21552944343.0,21.5529,7284,0,84.0,3.5,18.0,0.75,30.8,11.6,15,Long
756,1454,Maria,2000,20000829,20000902,5,5,25.663,114.332,219777.3,130.35,186.14,21.094,726226.6,24473092309.0,24.4731,6604,0,102.0,4.25,42.0,1.75,12.9,0.0,18,Extreme
757,1457,Wukong,2000,20000906,20000910,5,5,19.504,110.07,48160.4,151.78,183.0,23.493,133365.7,5611970987.0,5.612,1158,0,108.0,4.5,66.0,2.75,14.2,5.3,19,Extreme
758,1455,Saomai,2000,20000913,20000915,3,3,30.165,121.454,32070.1,169.44,118.51,20.285,79858.9,3427987836.0,3.428,745,0,66.0,2.75,54.0,2.25,18.3,3.3,12,Long
759,1455,Saomai,2000,20000916,20000916,1,1,43.754,129.753,64164.2,63.2,88.32,28.709,198269.4,5728671794.0,5.7287,2235,0,6.0,0.25,6.0,0.25,68.0,52.6,3,Short
760,1460,(nameless),2000,20001011,20001012,2,2,19.006,110.267,2815.6,36.8,40.48,19.154,15443.3,329148700.0,0.3291,132,0,30.0,1.25,0.0,0.0,10.5,7.7,6,Short
761,1461,Yagi,2000,20001025,20001026,2,2,27.531,119.933,13.4,2.39,2.42,1.681,877.0,1473978.0,0.0015,8,0,48.0,2.0,12.0,0.5,9.5,5.8,8,Moderate
762,1462,Xangsane,2000,20001031,20001101,2,2,28.358,120.772,17652.3,43.93,62.53,16.106,113991.5,1920203582.0,1.9202,1045,0,42.0,1.75,12.0,0.5,40.6,20.5,8,Moderate
763,1463,Bebinca,2000,20001106,20001107,2,2,23.021,113.619,6143.7,15.78,32.12,5.495,124176.8,699048047.0,0.699,1096,0,36.0,1.5,30.0,1.25,10.3,5.1,7,Moderate
764,1466,Cimaron,2001,20010513,20010513,1,1,25.485,119.618,63.9,4.86,6.14,2.557,2791.5,7135562.0,0.0071,25,0,24.0,1.0,12.0,0.5,29.2,24.1,4,Short
765,1467,Chebi,2001,20010622,20010624,3,3,29.128,120.083,101133.1,86.79,156.82,19.66,373193.1,10915621990.0,10.9156,3438,0,66.0,2.75,24.0,1.0,38.6,22.5,12,Long
766,1468,Durian,2001,20010630,20010703,4,4,22.509,108.792,390669.2,221.53,329.24,31.483,714107.7,44597695389.0,44.5977,6315,0,84.0,3.5,54.0,2.25,16.2,10.4,15,Long
767,1469,Utor,2001,20010705,20010707,3,3,24.112,111.852,437427.1,140.38,176.87,32.472,972678.5,49343349616.0,49.3433,8667,0,66.0,2.75,48.0,2.0,20.2,15.2,12,Long
768,1470,Trami,2001,20010711,20010712,2,2,25.006,116.982,36108.7,58.06,125.53,14.902,207695.1,4045156856.0,4.0452,1866,0,30.0,1.25,18.0,0.75,15.1,12.7,6,Short
769,1472,Yutu,2001,20010724,20010726,3,3,21.959,111.185,109010.8,123.44,208.48,16.825,459584.3,12496532640.0,12.4965,4043,0,60.0,2.5,42.0,1.75,17.8,12.7,11,Long
770,1473,Toraji,2001,20010729,20010802,5,5,33.648,119.775,342673.6,107.82,185.74,22.234,1105521.1,35114358056.0,35.1144,10889,0,102.0,4.25,24.0,1.0,21.6,10.0,18,Extreme
771,1474,(nameless),2001,20010803,20010808,6,6,29.729,119.379,119126.6,69.2,196.31,12.198,601388.7,12782947211.0,12.7829,5619,0,120.0,5.0,72.0,3.0,21.4,8.8,21,Extreme
772,1476,Usagi,2001,20010809,20010811,3,3,20.298,109.606,12283.1,35.97,61.23,10.481,109903.9,1423997831.0,1.424,951,0,48.0,2.0,36.0,1.5,23.6,10.8,9,Moderate
773,1481,Fitow,2001,20010827,20010912,17,17,21.476,110.763,666768.4,584.16,418.27,24.573,451099.4,76683219047.0,76.6832,3967,1,378.0,15.75,372.0,15.5,7.9,0.0,64,Extreme
774,1483,Nari,2001,20010905,20010906,2,2,25.855,118.948,5443.0,40.53,80.16,10.328,54312.7,605509389.0,0.6055,491,0,36.0,1.5,6.0,0.25,15.0,10.7,6,Moderate
775,1483,Nari,2001,20010908,20010910,3,3,29.748,121.603,284.0,12.14,24.11,3.737,7300.1,30485398.0,0.0305,68,0,72.0,3.0,36.0,1.5,6.9,0.0,12,Long
776,1483,Nari,2001,20010913,20010921,9,9,23.966,114.772,130519.3,100.28,186.56,13.706,621762.0,14741493248.0,14.7415,5543,0,192.0,8.0,42.0,1.75,9.4,0.0,33,Extreme
777,1486,Lekima,2001,20010925,20010930,6,6,27.92,120.28,81212.7,142.44,132.28,17.243,215055.1,8868901795.0,8.8689,1985,0,126.0,5.25,78.0,3.25,11.8,0.0,22,Extreme
778,1488,Haiyan,2001,20011016,20011016,1,1,29.268,121.785,35.1,1.65,1.72,1.254,3019.8,3786557.0,0.0038,28,0,24.0,1.0,12.0,0.5,19.5,14.9,4,Short
779,1499,(nameless),2002,20020528,20020529,2,2,23.716,116.729,32.4,3.61,3.08,1.801,1468.2,3669408.0,0.0037,13,0,42.0,1.75,36.0,1.5,13.7,6.6,8,Moderate
780,1500,Noguri,2002,20020605,20020607,3,3,21.011,111.594,4611.1,16.48,27.54,4.326,103795.7,532015402.0,0.532,903,0,72.0,3.0,36.0,1.5,13.6,7.0,12,Long
781,1501,Rammasun,2002,20020703,20020705,3,3,30.425,120.998,31728.2,60.7,89.0,12.651,172157.3,3381607511.0,3.3816,1617,0,72.0,3.0,30.0,1.25,22.7,11.2,12,Long
782,1501,Rammasun,2002,20020706,20020706,1,1,42.384,128.663,6894.6,29.56,34.52,16.898,37366.9,629653747.0,0.6297,408,0,12.0,0.5,0.0,0.0,28.4,21.9,3,Short
783,1504,Nakri,2002,20020707,20020711,5,5,24.893,116.922,110281.1,108.32,155.63,15.629,349310.1,12365899971.0,12.3659,3127,0,102.0,4.25,60.0,2.5,12.1,3.8,17,Extreme
784,1505,Fengshen,2002,20020726,20020728,3,3,38.709,117.578,78908.2,41.67,110.9,10.967,534090.3,7604657762.0,7.6047,5537,0,54.0,2.25,24.0,1.0,20.5,11.5,11,Moderate
785,1509,Kammuri,2002,20020802,20020806,5,5,24.857,115.6,353759.9,195.98,249.75,23.099,825877.3,39663705052.0,39.6637,7469,0,102.0,4.25,78.0,3.25,14.0,0.0,18,Extreme
786,1511,Vongfong,2002,20020817,20020820,4,4,24.175,109.786,394009.3,138.99,189.06,36.513,788066.3,44405682099.0,44.4057,7029,0,72.0,3.0,18.0,0.75,17.8,0.0,13,Long
787,1512,Rusa,2002,20020831,20020831,1,1,37.19,122.55,2.7,1.6,1.63,1.351,197.0,266149.0,0.0003,2,0,12.0,0.5,12.0,0.5,24.1,22.2,4,Short
788,1512,Rusa,2002,20020901,20020901,1,1,43.139,129.871,9446.7,31.67,47.56,11.492,74002.3,852227797.0,0.8522,822,0,12.0,0.5,6.0,0.25,30.9,28.9,3,Short
789,1513,Sinlaku,2002,20020905,20020908,4,4,28.408,118.497,122998.5,96.07,191.82,17.292,599464.3,13373828566.0,13.3738,5518,0,78.0,3.25,30.0,1.25,15.5,5.0,14,Long
790,1515,Hagupit,2002,20020909,20020915,7,7,22.38,111.369,383977.3,268.61,239.04,21.905,611940.5,43886741580.0,43.8867,5404,1,144.0,6.0,120.0,5.0,11.2,0.0,25,Extreme
791,1517,Mekkhala,2002,20020923,20020928,6,6,21.274,110.279,215526.3,219.58,299.09,24.092,465323.9,24819353556.0,24.8194,4098,1,126.0,5.25,84.0,3.5,10.1,5.8,22,Extreme
792,1525,Kujira,2003,20030424,20030425,2,2,28.774,121.267,5685.3,40.02,62.08,16.87,35947.0,616094600.0,0.6161,330,0,30.0,1.25,6.0,0.25,44.4,22.1,6,Short
793,1529,Nangka,2003,20030602,20030602,1,1,22.95,116.3,3.4,1.73,1.74,1.723,227.7,392288.0,0.0004,2,0,24.0,1.0,12.0,0.5,26.1,11.8,4,Short
794,1530,Soudelor,2003,20030618,20030618,1,1,28.225,121.075,402.0,7.81,14.96,3.242,13534.5,43765889.0,0.0438,124,0,24.0,1.0,18.0,0.75,38.9,26.1,4,Short
795,1531,Koni,2003,20030720,20030722,3,3,20.986,107.65,64158.7,76.17,161.08,14.615,359951.0,7401971487.0,7.402,3150,0,66.0,2.75,36.0,1.5,20.7,14.1,12,Long
796,1532,Imbudo,2003,20030723,20030725,3,3,22.88,109.078,335789.9,173.38,232.12,33.306,767761.0,38234732247.0,38.2347,6802,0,54.0,2.25,30.0,1.25,26.2,18.6,10,Moderate
797,1533,Morakot,2003,20030803,20030805,3,3,25.437,117.081,100540.6,66.44,249.33,14.888,476263.5,11221158508.0,11.2212,4304,0,48.0,2.0,30.0,1.25,16.0,11.6,9,Moderate
798,1536,Vamco,2003,20030819,20030820,2,2,28.483,119.013,59259.7,43.53,130.01,11.672,500966.1,6436794018.0,6.4368,4635,0,36.0,1.5,18.0,0.75,35.0,24.4,7,Moderate
799,1537,(nameless),2003,20030819,20030821,3,3,24.229,115.78,101387.3,114.37,161.4,22.779,280070.0,11429656555.0,11.4297,2484,0,42.0,1.75,24.0,1.0,9.0,6.4,8,Moderate
800,1535,Krovanh,2003,20030823,20030826,4,4,21.566,109.179,219436.6,179.38,236.14,23.761,640263.1,25219802185.0,25.2198,5645,0,84.0,3.5,48.0,2.0,22.2,17.2,15,Long
801,1538,Dujuan,2003,20030901,20030903,3,3,23.613,112.866,138536.1,72.33,134.5,17.242,720958.0,15690080962.0,15.6901,6393,0,54.0,2.25,24.0,1.0,29.2,18.8,10,Moderate
802,1539,Maemi,2003,20030911,20030912,2,2,29.988,121.913,1478.9,30.96,37.22,7.214,16233.7,158372698.0,0.1584,152,0,36.0,1.5,18.0,0.75,34.9,9.3,8,Moderate
803,1539,Maemi,2003,20030913,20030913,1,1,42.955,130.361,33.5,1.61,1.67,1.288,2352.0,3030980.0,0.003,26,0,12.0,0.5,12.0,0.5,55.8,47.6,4,Short
804,1542,(nameless),2003,20031009,20031009,1,1,20.0,110.25,2.5,1.27,1.27,1.261,232.4,293049.0,0.0003,2,0,24.0,1.0,6.0,0.25,9.8,0.0,4,Short
805,1542,(nameless),2003,20031010,20031010,1,1,23.299,114.738,361.3,7.9,10.75,2.961,13866.0,41019630.0,0.041,122,0,0.0,0.0,0.0,0.0,,,1,Short
806,1545,Melor,2003,20031103,20031103,1,1,26.85,120.002,2.2,1.14,1.14,1.103,220.6,243367.0,0.0002,2,0,24.0,1.0,18.0,0.75,11.2,6.5,4,Short
807,1545,Melor,2003,20031105,20031105,1,1,31.05,121.75,1.1,1.05,1.05,1.054,105.9,111694.0,0.0001,1,0,18.0,0.75,6.0,0.25,37.5,31.0,4,Short
808,1546,Nepartak,2003,20031116,20031119,4,4,19.53,109.734,63503.7,212.8,179.3,21.0,231901.3,7397532947.0,7.3975,2033,0,84.0,3.5,66.0,2.75,13.5,8.2,15,Long
809,1555,Conson,2004,20040608,20040609,2,2,25.194,119.045,22.7,4.7,5.14,2.517,1007.6,2534212.0,0.0025,9,0,48.0,2.0,6.0,0.25,22.5,11.6,8,Moderate
810,1556,Chanthu,2004,20040612,20040612,1,1,18.322,109.602,540.7,23.27,24.36,18.645,3403.9,63464837.0,0.0635,29,0,24.0,1.0,6.0,0.25,24.8,23.5,4,Short
811,1558,Mindulle,2004,20040701,20040705,5,5,34.346,122.912,95708.8,60.08,118.45,14.247,500056.7,9707657081.0,9.7077,4897,0,96.0,4.0,30.0,1.25,23.7,11.2,17,Extreme
812,1560,Kompasu,2004,20040715,20040716,2,2,23.93,115.166,11075.6,14.97,35.65,5.057,216551.9,1251399560.0,1.2514,1916,0,36.0,1.5,24.0,1.0,19.6,12.7,7,Moderate
813,1562,(nameless),2004,20040726,20040727,2,2,24.218,115.887,24841.5,37.25,85.75,8.894,277445.2,2800720743.0,2.8007,2471,0,24.0,1.0,12.0,0.5,23.6,6.4,5,Short
814,1561,Namthcun,2004,20040802,20040802,1,1,43.137,130.317,1010.9,8.06,11.5,3.404,26831.2,91200291.0,0.0912,297,0,24.0,1.0,18.0,0.75,22.0,19.1,4,Short
815,1565,Rananim,2004,20040811,20040814,4,4,28.782,117.164,392989.2,158.11,190.25,24.302,1036231.3,42570942027.0,42.5709,9589,0,90.0,3.75,54.0,2.25,19.2,6.8,16,Extreme
816,1567,Megi,2004,20040817,20040818,2,2,29.46,121.062,1053.7,11.29,47.55,4.069,27265.5,113421169.0,0.1134,253,0,42.0,1.75,18.0,0.75,32.4,17.0,8,Moderate
817,1569,Aere,2004,20040823,20040827,5,5,25.433,116.834,188104.8,113.73,226.03,20.794,652809.7,20990720032.0,20.9907,5835,0,108.0,4.5,60.0,2.5,14.4,7.1,19,Extreme
818,1573,Haima,2004,20040910,20040916,7,7,37.015,118.224,397347.2,70.7,208.66,17.233,1589351.6,38998505585.0,38.9985,16578,0,132.0,5.5,24.0,1.0,26.3,9.3,23,Extreme
819,1574,Meari,2004,20040927,20040927,1,1,29.611,121.74,74.0,2.91,3.24,1.721,4623.7,7953954.0,0.008,43,0,24.0,1.0,24.0,1.0,11.6,6.5,4,Short
820,1577,Nock-ten,2004,20041025,20041026,2,2,28.759,120.064,14194.0,20.22,28.81,8.713,166851.7,1538252001.0,1.5383,1534,0,30.0,1.25,18.0,0.75,47.4,17.5,8,Short
821,1580,Nanmadol,2004,20041203,20041204,2,2,25.254,118.363,15155.5,34.11,31.1,10.591,93737.5,1694538161.0,1.6945,837,0,30.0,1.25,12.0,0.5,27.6,19.8,6,Short
822,1587,Haitang,2005,20050718,20050721,4,4,28.42,118.174,329864.6,213.49,362.04,19.812,823262.3,35852588652.0,35.8526,7583,0,78.0,3.25,60.0,2.5,12.4,7.6,14,Long
823,1590,Washi,2005,20050728,20050731,4,4,20.617,109.279,109224.1,159.54,195.26,16.947,413216.3,12633515875.0,12.6335,3621,0,72.0,3.0,66.0,2.75,14.8,7.9,13,Long
824,1591,Matsa,2005,20050804,20050809,6,6,33.755,119.997,452204.7,127.92,226.21,21.137,1141653.3,46351984989.0,46.352,11355,0,126.0,5.25,54.0,2.25,17.9,8.1,22,Extreme
825,1592,Sanvu,2005,20050812,20050815,4,4,27.054,114.466,413294.0,129.71,222.08,21.373,1098244.0,45455549315.0,45.4555,10069,0,72.0,3.0,42.0,1.75,21.3,13.4,13,Long
826,1595,Talim,2005,20050831,20050903,4,4,28.121,116.43,492224.1,193.52,340.31,29.781,870107.3,53631752446.0,53.6318,7979,0,78.0,3.25,48.0,2.0,17.1,2.5,14,Long
827,1597,Khanun,2005,20050910,20050913,4,4,32.012,120.38,171610.5,133.05,201.2,26.124,469248.8,17973209819.0,17.9732,4520,0,84.0,3.5,48.0,2.0,25.0,18.6,15,Long
828,1598,Vicente,2005,20050917,20050919,3,3,19.896,108.648,52300.0,140.04,191.83,21.647,174138.3,6078748470.0,6.0787,1517,0,48.0,2.0,30.0,1.25,37.5,28.5,9,Moderate
829,1600,Damrey,2005,20050923,20050927,5,5,20.331,110.28,154675.5,258.54,300.63,27.131,369696.1,17924439965.0,17.9244,3239,0,108.0,4.5,72.0,3.0,14.4,7.2,19,Extreme
830,1601,Longwang,2005,20051002,20051003,2,2,26.228,117.923,147853.1,129.89,172.28,25.839,479212.3,16394889600.0,16.3949,4341,0,30.0,1.25,30.0,1.25,19.1,15.7,6,Short
831,1603,Kai-tak,2005,20051030,20051102,4,4,19.078,109.61,21684.0,98.95,164.51,17.114,78329.7,2533600668.0,2.5336,677,0,84.0,3.5,48.0,2.0,12.5,4.0,15,Long
832,1604,Tembin,2005,20051112,20051112,1,1,22.122,112.772,144.0,7.55,11.2,2.881,5728.7,16497846.0,0.0165,50,0,12.0,0.5,12.0,0.5,20.1,19.8,3,Short
833,1608,Chanchu,2006,20060516,20060519,4,4,26.462,117.983,316639.2,161.0,236.94,35.21,609182.8,35018558713.0,35.0186,5551,0,84.0,3.5,24.0,1.0,28.5,13.4,15,Long
834,1609,Jelawat,2006,20060627,20060629,3,3,20.889,110.602,75797.3,108.65,196.28,16.269,313605.4,8752238866.0,8.7522,2746,0,48.0,2.0,36.0,1.5,15.9,9.1,9,Moderate
835,1611,(nameless),2006,20060702,20060704,3,3,21.04,109.425,61179.7,82.35,138.02,13.064,304605.5,7056268902.0,7.0563,2670,0,36.0,1.5,24.0,1.0,21.6,8.0,7,Moderate
836,1610,Ewiniar,2006,20060709,20060709,1,1,30.429,121.413,135.4,3.01,3.58,1.736,8314.3,14429278.0,0.0144,78,0,24.0,1.0,18.0,0.75,29.5,27.8,4,Short
837,1610,Ewiniar,2006,20060710,20060711,2,2,41.19,126.081,10509.6,32.51,146.98,7.733,107127.2,977493685.0,0.9775,1178,0,48.0,2.0,12.0,0.5,37.2,29.7,8,Moderate
838,1610,Ewiniar,2006,20060712,20060712,1,1,48.401,135.001,64.1,16.44,16.5,16.036,328.4,5265430.0,0.0053,4,0,18.0,0.75,18.0,0.75,17.3,11.2,4,Short
839,1612,Bilis,2006,20060713,20060717,5,5,24.977,112.885,979203.4,230.65,308.62,34.5,1562500.4,109692308859.0,109.6923,14095,0,108.0,4.5,54.0,2.25,21.3,7.8,19,Extreme
840,1613,Kaemi,2006,20060724,20060729,6,6,24.338,113.462,517085.8,163.78,260.62,24.422,998942.2,58220495349.0,58.2205,8935,0,120.0,5.0,60.0,2.5,16.2,2.5,21,Extreme
841,1614,Prapiroon,2006,20060802,20060805,4,4,23.079,110.306,490578.3,207.25,278.93,30.713,766215.4,55772043828.0,55.772,6806,0,78.0,3.25,54.0,2.25,15.0,7.0,14,Long
842,1617,Bopha,2006,20060808,20060811,4,4,22.928,112.885,34245.6,41.05,72.32,8.127,313320.1,3898600267.0,3.8986,2768,0,72.0,3.0,36.0,1.5,16.9,6.9,13,Long
843,1616,Saomai,2006,20060809,20060811,3,3,27.903,118.193,114955.5,124.64,171.24,22.745,427222.4,12559395750.0,12.5594,3925,0,66.0,2.75,42.0,1.75,23.6,17.2,12,Long
844,1618,Wukong,2006,20060820,20060821,2,2,43.919,130.685,8598.7,17.27,16.39,5.679,91365.3,765655812.0,0.7657,1026,0,30.0,1.25,18.0,0.75,18.4,16.9,6,Short
845,1620,(nameless),2006,20060822,20060825,4,4,22.843,111.974,89967.7,61.53,183.61,12.994,455047.2,10246683949.0,10.2467,4010,0,66.0,2.75,36.0,1.5,12.7,9.0,12,Long
846,1623,(nameless),2006,20060910,20060913,4,4,23.179,113.942,52341.7,65.63,140.27,11.807,331282.7,5948469983.0,5.9485,2922,0,84.0,3.5,54.0,2.25,16.3,4.1,15,Long
847,1622,Shanshan,2006,20060915,20060916,2,2,26.191,119.813,407.2,9.52,15.42,3.393,12810.5,45167446.0,0.0452,116,0,48.0,2.0,18.0,0.75,22.9,10.6,8,Moderate
848,1622,Shanshan,2006,20060919,20060919,1,1,46.316,133.918,3.2,1.1,1.1,1.074,256.2,275243.0,0.0003,3,0,18.0,0.75,12.0,0.5,25.9,22.3,4,Short
849,1625,(nameless),2006,20060923,20060925,3,3,19.177,109.943,31821.1,177.13,161.21,29.274,60339.8,3715953312.0,3.716,519,0,54.0,2.25,36.0,1.5,17.0,8.2,10,Moderate
850,1626,Xangsane,2006,20060930,20061001,2,2,19.161,109.832,22923.9,103.82,87.99,31.489,43419.0,2677271740.0,2.6773,372,0,48.0,2.0,36.0,1.5,18.6,16.2,8,Moderate
851,1631,Chebi,2006,20061113,20061114,2,2,19.341,109.897,3010.2,20.15,34.18,7.133,43986.3,351168395.0,0.3512,377,0,42.0,1.75,30.0,1.25,10.6,3.5,8,Moderate
852,1633,Utor,2006,20061213,20061214,2,2,20.123,110.393,6271.9,20.92,21.62,5.435,75562.9,728013990.0,0.728,652,0,48.0,2.0,48.0,2.0,6.7,5.1,8,Moderate
853,1637,Toraji,2007,20070703,20070706,4,4,21.763,107.544,100161.1,69.65,232.44,13.132,552705.3,11492910763.0,11.4929,4876,0,72.0,3.0,42.0,1.75,15.6,5.6,13,Long
854,1640,(nameless),2007,20070804,20070807,4,4,19.722,109.797,24872.9,83.87,70.69,13.719,94154.5,2894360616.0,2.8944,814,0,90.0,3.75,42.0,1.75,9.8,3.6,16,Extreme
855,1641,Pabuk,2007,20070807,20070811,5,5,22.714,112.549,207078.0,138.93,202.0,16.384,556997.7,23609938756.0,23.6099,4933,0,108.0,4.5,72.0,3.0,16.3,3.4,19,Extreme
856,1642,Wutip,2007,20070808,20070809,2,2,24.803,117.166,21542.9,43.23,154.02,14.42,164755.6,2417107169.0,2.4171,1473,0,30.0,1.25,6.0,0.25,26.9,21.4,6,Short
857,1643,Sepat,2007,20070817,20070824,8,8,26.647,112.797,945571.8,192.48,247.33,22.551,1700680.0,104433698884.0,104.4337,15465,1,174.0,7.25,102.0,4.25,13.2,4.9,30,Extreme
858,1646,Nari,2007,20070914,20070915,2,2,30.861,121.532,22.5,4.22,4.66,2.043,1162.2,2384184.0,0.0024,11,0,42.0,1.75,18.0,0.75,21.5,16.8,8,Moderate
859,1647,Wipha,2007,20070918,20070920,3,3,32.359,119.886,430436.4,173.39,207.45,38.674,706489.1,44871268184.0,44.8713,6827,0,60.0,2.5,30.0,1.25,30.4,19.7,11,Long
860,1648,Francisco,2007,20070923,20070925,3,3,21.47,109.605,93313.4,83.91,191.95,16.334,444788.3,10731282227.0,10.7313,3903,0,66.0,2.75,48.0,2.0,18.2,12.3,12,Long
861,1649,Lekima,2007,20071001,20071003,3,3,19.557,109.898,72047.5,217.67,174.09,38.425,106235.3,8393147057.0,8.3931,919,0,72.0,3.0,54.0,2.25,15.6,6.6,12,Long
862,1650,Krosa,2007,20071006,20071009,4,4,29.113,120.133,251937.2,227.53,200.73,34.484,408921.7,27205017083.0,27.205,3771,0,78.0,3.25,54.0,2.25,24.6,4.1,16,Long
863,1656,Peipah,2007,20071108,20071109,2,2,19.082,110.209,92.5,4.44,6.16,2.719,3973.2,10803701.0,0.0108,34,0,48.0,2.0,30.0,1.25,18.3,8.0,8,Moderate
864,1658,Mitag,2007,20071126,20071127,2,2,24.496,118.449,77.1,7.16,4.34,2.267,2927.1,8672465.0,0.0087,26,0,48.0,2.0,12.0,0.5,21.5,11.1,8,Moderate
865,1661,Neoguri,2008,20080417,20080419,3,3,22.457,112.69,48144.9,87.75,187.4,16.717,299836.2,5498913347.0,5.4989,2652,0,66.0,2.75,36.0,1.5,17.0,9.4,12,Long
866,1666,Fengshen,2008,20080623,20080627,5,5,24.589,114.475,368040.1,186.22,241.82,23.763,814555.6,41349695336.0,41.3497,7337,0,96.0,4.0,66.0,2.75,14.5,8.8,17,Extreme
867,1667,Kalmaegi,2008,20080717,20080723,7,7,33.028,120.962,251596.3,82.0,183.07,18.082,911208.6,25912115924.0,25.9121,9123,0,144.0,6.0,30.0,1.25,23.5,9.3,25,Extreme
868,1668,Fung-wong,2008,20080727,20080731,5,5,28.738,117.901,523223.5,141.08,257.64,22.361,1178884.7,56644012626.0,56.644,11101,0,114.0,4.75,66.0,2.75,15.5,4.0,20,Extreme
869,1669,Kammuri,2008,20080804,20080808,5,5,22.404,110.002,341761.5,194.87,192.23,25.398,772821.2,39053434484.0,39.0534,6820,0,102.0,4.25,54.0,2.25,16.5,7.2,18,Extreme
870,1672,Nuri,2008,20080820,20080823,4,4,22.341,111.732,130771.1,176.43,221.75,26.764,385607.6,14952941135.0,14.9529,3402,0,78.0,3.25,36.0,1.5,15.1,8.7,14,Long
871,1673,(nameless),2008,20080828,20080828,1,1,24.657,118.092,132.0,5.33,10.35,2.49,5951.6,14829480.0,0.0148,53,0,18.0,0.75,0.0,0.0,9.8,8.9,4,Short
872,1674,Sinlaku,2008,20080913,20080917,5,5,28.175,120.283,50242.5,99.09,138.93,14.173,177681.8,5474243971.0,5.4742,1634,0,114.0,4.75,84.0,3.5,11.0,2.5,20,Extreme
873,1675,Hagupit,2008,20080922,20080925,4,4,22.621,109.356,308549.3,153.6,217.62,29.849,748916.1,35199153655.0,35.1992,6624,0,90.0,3.75,48.0,2.0,23.5,10.4,16,Extreme
874,1676,Jangmi,2008,20080928,20080930,3,3,28.685,121.216,23136.4,103.96,151.1,19.121,95334.4,2508964733.0,2.509,872,0,66.0,2.75,42.0,1.75,21.2,11.1,12,Long
875,1677,Mekkhala,2008,20080928,20080930,3,3,19.271,109.598,9480.5,42.96,47.73,9.258,60703.2,1106382832.0,1.1064,523,0,60.0,2.5,42.0,1.75,21.1,6.6,11,Long
876,1678,Higos,2008,20081002,20081006,5,5,23.464,114.023,352142.7,141.62,208.53,33.344,577812.5,39908024627.0,39.908,5125,0,102.0,4.25,54.0,2.25,17.6,5.6,18,Extreme
877,1679,(nameless),2008,20081013,20081015,3,3,19.551,109.928,127897.9,386.28,277.42,58.481,112349.8,14900331806.0,14.9003,973,0,54.0,2.25,54.0,2.25,7.7,3.7,10,Moderate
878,1687,Linfa,2009,20090619,20090623,5,5,26.126,117.672,104324.3,75.95,242.37,15.534,494180.9,11572839873.0,11.5728,4516,0,108.0,4.5,48.0,2.0,24.6,9.3,20,Extreme
879,1688,Nangka,2009,20090625,20090627,3,3,23.341,113.747,64855.3,55.41,155.0,11.201,399826.6,7360969310.0,7.361,3547,0,48.0,2.0,18.0,0.75,22.0,9.4,9,Moderate
880,1689,Soudelor,2009,20090710,20090712,3,3,21.594,108.4,51108.1,45.4,129.52,10.679,467390.8,5871859584.0,5.8719,4105,0,66.0,2.75,30.0,1.25,25.3,13.5,12,Long
881,1690,(nameless),2009,20090713,20090714,2,2,25.361,117.514,66797.1,87.0,126.66,16.44,302204.8,7461131498.0,7.4611,2724,0,24.0,1.0,18.0,0.75,24.7,14.6,5,Short
882,1691,Molave,2009,20090718,20090719,2,2,22.931,112.062,151977.8,132.14,224.28,27.246,501652.1,17303702113.0,17.3037,4441,0,36.0,1.5,24.0,1.0,26.0,19.8,7,Moderate
883,1692,Goni,2009,20090803,20090809,7,7,21.932,111.331,321685.5,334.37,333.36,23.088,494807.0,36878084797.0,36.8781,4362,1,156.0,6.5,138.0,5.75,11.5,3.4,27,Extreme
884,1693,Morakot,2009,20090806,20090811,6,6,28.85,119.586,380264.5,247.49,353.36,28.948,587635.8,41146056669.0,41.1461,5467,1,144.0,6.0,78.0,3.25,15.9,5.8,24,Extreme
885,1698,Mujigae,2009,20090909,20090912,4,4,20.689,109.131,62636.0,105.05,195.42,15.115,318122.3,7242798509.0,7.2428,2780,0,84.0,3.5,48.0,2.0,20.8,10.5,15,Long
886,1700,Koppu,2009,20090913,20090915,3,3,22.578,111.416,151827.5,109.06,170.64,20.102,576877.5,17326979957.0,17.327,5098,0,66.0,2.75,36.0,1.5,19.2,13.4,12,Long
887,1701,Ketsana,2009,20090927,20090930,4,4,19.154,109.781,44914.1,223.56,212.52,58.028,43418.8,5245689255.0,5.2457,372,0,84.0,3.5,42.0,1.75,14.2,5.4,16,Long
888,1703,Parma,2009,20091011,20091014,4,4,20.813,109.382,131727.2,200.16,266.58,27.944,267306.2,15218682752.0,15.2187,2337,0,90.0,3.75,78.0,3.25,10.9,3.5,16,Extreme
889,1707,(nameless),2009,20091018,20091020,3,3,19.806,110.371,33265.2,123.7,172.81,19.684,97703.8,3868941888.0,3.8689,845,0,60.0,2.5,60.0,2.5,7.9,5.7,11,Long
890,1713,Conson,2010,20100715,20100718,4,4,21.856,107.679,74245.0,64.61,91.17,13.633,369399.9,8516247553.0,8.5162,3242,0,72.0,3.0,36.0,1.5,17.0,12.7,13,Long
891,1715,(nameless),2010,20100719,20100720,2,2,30.915,119.938,14161.5,34.42,76.48,12.063,122646.3,1501685343.0,1.5017,1153,0,30.0,1.25,0.0,0.0,18.5,7.6,6,Short
892,1714,Chanthu,2010,20100720,20100723,4,4,22.543,109.925,218590.1,140.85,204.43,21.953,650312.3,24955250584.0,24.9553,5757,0,84.0,3.5,48.0,2.0,15.1,7.3,15,Long
893,1716,Dianmu,2010,20100809,20100810,2,2,30.649,120.869,533.0,9.65,22.96,3.172,16199.2,56686588.0,0.0567,152,0,48.0,2.0,24.0,1.0,23.9,18.8,8,Moderate
894,1717,Mindulle,2010,20100822,20100825,4,4,20.745,108.43,38690.8,63.7,94.85,14.784,161482.3,4471807461.0,4.4718,1405,0,72.0,3.0,36.0,1.5,17.8,10.4,13,Long
895,1718,Lionrock,2010,20100828,20100904,8,8,24.319,115.003,276446.9,180.49,226.48,20.437,615244.5,31137746327.0,31.1377,5503,0,174.0,7.25,120.0,5.0,10.9,3.5,30,Extreme
896,1720,Namtheun,2010,20100829,20100831,3,3,27.722,119.9,30959.1,46.71,96.36,8.427,224338.8,3387390669.0,3.3874,2041,0,60.0,2.5,54.0,2.25,10.4,6.9,11,Long
897,1719,Kompasu,2010,20100831,20100901,2,2,32.055,121.339,22514.5,55.88,132.2,16.303,127259.6,2355919254.0,2.3559,1218,0,48.0,2.0,18.0,0.75,34.0,26.4,8,Moderate
898,1719,Kompasu,2010,20100902,20100902,1,1,42.549,129.414,1508.2,9.56,16.1,3.897,35144.6,137368609.0,0.1374,387,0,24.0,1.0,18.0,0.75,40.3,37.6,4,Short
899,1721,Malou,2010,20100905,20100906,2,2,30.384,121.555,627.1,8.64,23.62,3.604,18130.5,66881047.0,0.0669,170,0,42.0,1.75,24.0,1.0,14.6,8.1,8,Moderate
900,1722,Meranti,2010,20100907,20100911,5,5,27.781,118.625,129253.9,65.05,141.53,14.001,611049.4,14123772737.0,14.1238,5610,0,120.0,5.0,36.0,1.5,22.6,6.4,20,Extreme
901,1723,Fanapi,2010,20100918,20100921,4,4,23.818,113.5,225586.7,134.68,224.9,26.965,729206.0,25508181475.0,25.5082,6506,0,90.0,3.75,42.0,1.75,21.2,12.1,16,Extreme
902,1725,(nameless),2010,20101004,20101010,7,7,19.726,110.247,238187.9,668.85,378.17,39.744,259702.6,27717163549.0,27.7172,2272,1,138.0,5.75,138.0,5.75,5.9,1.8,24,Extreme
903,1726,Megi,2010,20101021,20101024,4,4,25.744,118.016,78831.0,97.76,159.06,10.83,434079.5,8775773231.0,8.7758,3937,0,78.0,3.25,48.0,2.0,10.3,6.6,14,Long
904,1729,(nameless),2010,20101113,20101114,2,2,18.852,109.723,1421.5,22.34,37.07,7.482,20136.6,166333617.0,0.1663,172,0,42.0,1.75,24.0,1.0,12.6,8.2,8,Moderate
905,1734,(nameless),2011,20110531,20110601,2,2,24.527,117.971,3554.6,16.73,25.66,6.707,57984.0,399806121.0,0.3998,516,0,42.0,1.75,24.0,1.0,14.4,9.1,8,Moderate
906,1735,Sarika,2011,20110610,20110611,2,2,24.933,114.855,37717.6,38.37,94.03,10.712,314616.2,4227543835.0,4.2275,2808,0,24.0,1.0,12.0,0.5,23.1,18.5,5,Short
907,1736,Haima,2011,20110620,20110625,6,6,21.526,110.412,152074.1,129.49,168.38,17.522,480325.4,17483760016.0,17.4838,4219,0,132.0,5.5,66.0,2.75,14.5,7.2,23,Extreme
908,1737,Meari,2011,20110624,20110627,4,4,37.253,121.939,115773.5,92.79,139.13,16.675,489524.1,11363909129.0,11.3639,4928,0,78.0,3.25,30.0,1.25,29.2,8.6,14,Long
909,1740,Nock-ten,2011,20110728,20110731,4,4,20.198,109.368,76458.6,139.72,190.72,21.453,262484.4,8869118707.0,8.8691,2290,0,72.0,3.0,48.0,2.0,22.5,14.2,13,Long
910,1741,Muifa,2011,20110805,20110809,5,5,41.112,124.025,177816.3,69.17,126.8,15.714,763781.1,16519386766.0,16.5194,8298,0,96.0,4.0,24.0,1.0,23.0,8.7,17,Extreme
911,1744,Nanmadol,2011,20110828,20110831,4,4,26.409,118.035,167016.9,136.08,250.27,21.595,391443.9,18490881419.0,18.4909,3537,0,78.0,3.25,54.0,2.25,8.4,1.9,14,Long
912,1745,Talas,2011,20110905,20110906,2,2,46.762,132.857,42493.9,68.5,73.66,26.492,94990.6,3598710693.0,3.5987,1114,0,18.0,0.75,6.0,0.25,25.0,18.7,5,Short
913,1747,Kulap,2011,20110910,20110910,1,1,31.448,121.767,70.3,2.84,3.22,2.067,3586.1,7413407.0,0.0074,34,0,24.0,1.0,12.0,0.5,11.8,9.4,4,Short
914,1751,Haitang,2011,20110923,20110927,5,5,19.257,109.878,29528.1,122.3,76.59,17.349,54036.2,3446503820.0,3.4465,464,0,84.0,3.5,84.0,3.5,13.5,7.4,15,Long
915,1750,Nesat,2011,20110928,20110930,3,3,21.537,109.543,245810.6,213.44,291.23,47.027,458773.2,28255901329.0,28.2559,4030,0,66.0,2.75,42.0,1.75,19.8,12.3,12,Long
916,1752,Nalgae,2011,20111002,20111005,4,4,20.5,109.592,54042.2,145.5,263.79,18.597,165478.7,6257263012.0,6.2573,1438,0,84.0,3.5,48.0,2.0,13.9,5.1,15,Long
917,1753,Banyan,2011,20111014,20111015,2,2,23.041,115.937,589.6,14.05,21.57,6.34,9900.7,67088246.0,0.0671,87,0,30.0,1.25,6.0,0.25,9.7,4.0,6,Short
918,1754,(nameless),2011,20111107,20111109,3,3,19.613,109.846,39689.2,150.62,149.54,30.839,58755.3,4622054244.0,4.6221,505,0,48.0,2.0,36.0,1.5,14.6,7.1,9,Moderate
919,1762,Talim,2012,20120616,20120620,5,5,22.294,113.453,108382.5,108.71,155.59,15.302,430815.5,12382587432.0,12.3826,3814,0,102.0,4.25,96.0,4.0,12.5,4.0,18,Extreme
920,1763,Doksuri,2012,20120629,20120630,2,2,22.07,110.495,43094.7,43.41,90.96,12.466,360717.5,4936489316.0,4.9365,3168,0,30.0,1.25,18.0,0.75,26.6,23.2,6,Short
921,1764,Khanun,2012,20120718,20120718,1,1,31.708,121.654,426.6,8.49,29.08,3.256,13533.2,44819579.0,0.0448,131,0,24.0,1.0,12.0,0.5,37.9,33.5,4,Short
922,1764,Khanun,2012,20120719,20120720,2,2,43.149,128.552,40750.2,42.97,72.11,10.606,198254.4,3675305442.0,3.6753,2195,0,24.0,1.0,18.0,0.75,16.6,10.5,5,Short
923,1765,Vicente,2012,20120721,20120725,5,5,22.991,110.131,325617.9,125.97,185.57,23.493,855875.8,37047686052.0,37.0477,7579,0,102.0,4.25,42.0,1.75,16.8,4.1,18,Extreme
924,1766,Saola,2012,20120801,20120805,5,5,26.724,115.813,396697.0,118.71,163.91,21.759,1209781.3,43785311569.0,43.7853,10991,0,96.0,4.0,54.0,2.25,16.8,5.4,17,Extreme
925,1767,Damrey,2012,20120801,20120804,4,4,38.662,120.495,228066.7,140.33,189.23,28.576,604350.5,21987420687.0,21.9874,6157,0,54.0,2.25,36.0,1.5,27.6,13.3,13,Moderate
926,1768,Haikui,2012,20120806,20120811,6,6,30.437,118.292,558722.6,225.17,363.81,26.231,769860.4,59530284343.0,59.5303,7212,1,126.0,5.25,84.0,3.5,9.0,1.6,22,Extreme
927,1770,Kai-tak,2012,20120816,20120818,3,3,22.224,108.052,225404.0,129.2,294.01,20.606,803039.8,25785789347.0,25.7858,7099,0,60.0,2.5,36.0,1.5,26.3,23.0,11,Long
928,1771,Tembin,2012,20120823,20120829,7,7,25.984,118.589,24206.8,41.01,74.22,6.519,226711.0,2689012918.0,2.689,2055,0,168.0,7.0,60.0,2.5,16.5,4.1,28,Extreme
929,1771,Tembin,2012,20120830,20120901,3,3,42.512,129.607,376.4,7.71,8.17,2.651,10368.5,34305785.0,0.0343,114,0,42.0,1.75,24.0,1.0,18.2,7.6,9,Moderate
930,1772,Bolaven,2012,20120827,20120830,4,4,44.515,127.03,347493.9,91.8,185.82,31.831,759351.9,30591303105.0,30.5913,8555,0,78.0,3.25,18.0,0.75,42.1,28.9,15,Long
931,1773,Sanba,2012,20120917,20120918,2,2,45.31,130.694,128164.7,73.2,90.02,32.587,279117.9,11139565445.0,11.1396,3230,0,30.0,1.25,18.0,0.75,39.5,14.9,8,Short
932,1777,Gaemi,2012,20121001,20121001,1,1,19.65,111.05,6.5,6.54,6.54,6.535,116.4,760998.0,0.0008,1,0,24.0,1.0,6.0,0.25,8.0,4.1,4,Short
933,1780,Son-tinh,2012,20121026,20121029,4,4,21.462,109.036,181843.3,186.01,217.74,28.457,409328.8,20912086363.0,20.9121,3601,0,84.0,3.5,54.0,2.25,17.2,6.9,15,Long
934,1787,Leepi,2013,20130619,20130620,2,2,27.914,120.48,858.2,11.62,27.28,4.664,19308.0,93754943.0,0.0938,177,0,48.0,2.0,12.0,0.5,27.1,24.0,8,Moderate
935,1788,Bebinca,2013,20130621,20130624,4,4,21.411,108.179,80233.7,78.59,164.4,11.442,453729.1,9230497037.0,9.2305,3986,0,78.0,3.25,54.0,2.25,16.9,7.6,14,Long
936,1789,Rumbia,2013,20130701,20130702,2,2,22.307,109.812,105626.1,83.87,173.48,17.678,495559.3,12076931451.0,12.0769,4381,0,42.0,1.75,36.0,1.5,25.3,19.1,8,Moderate
937,1790,Soulik,2013,20130712,20130714,3,3,26.127,117.124,205744.7,144.84,185.66,29.401,575805.1,22831663824.0,22.8317,5268,0,60.0,2.5,36.0,1.5,22.3,14.8,11,Long
938,1791,Cimaron,2013,20130717,20130719,3,3,24.826,117.074,55535.0,65.09,148.77,12.041,350758.4,6230092653.0,6.2301,3155,0,48.0,2.0,30.0,1.25,22.0,16.7,9,Moderate
939,1792,Jebi,2013,20130801,20130803,3,3,21.704,108.835,118848.5,90.27,160.86,19.901,544000.7,13644627010.0,13.6446,4796,0,60.0,2.5,30.0,1.25,20.2,9.9,11,Long
940,1793,Mangkhut,2013,20130806,20130808,3,3,21.988,106.4,38626.9,39.17,70.05,12.266,262031.8,4426723658.0,4.4267,2290,0,48.0,2.0,24.0,1.0,24.8,19.0,9,Moderate
941,1794,Utor,2013,20130813,20130818,6,6,23.586,111.72,734021.1,330.96,335.05,26.682,824793.5,83140763863.0,83.1408,7339,1,126.0,5.25,108.0,4.5,10.3,2.5,22,Extreme
942,1795,Trami,2013,20130816,20130816,1,1,25.292,119.364,123.2,8.26,12.97,3.85,3575.7,13772725.0,0.0138,32,0,24.0,1.0,12.0,0.5,11.4,8.8,4,Short
943,1795,Trami,2013,20130821,20130823,3,3,27.032,115.349,459811.6,126.26,192.32,27.615,1138393.9,50611577382.0,50.6116,10363,0,60.0,2.5,42.0,1.75,22.4,15.8,11,Long
944,1796,(nameless),2013,20130818,20130819,2,2,30.03,119.578,40990.4,52.38,192.23,14.413,268498.2,4386902456.0,4.3869,2502,0,24.0,1.0,18.0,0.75,16.8,13.5,5,Short
945,1799,Kong-rey,2013,20130828,20130830,3,3,27.77,119.752,34632.2,56.2,126.97,16.011,205243.3,3787387551.0,3.7874,1883,0,72.0,3.0,30.0,1.25,23.2,11.2,12,Long
946,1801,Toraji,2013,20130831,20130902,3,3,26.335,119.473,5777.8,28.26,67.54,6.781,90802.3,639959193.0,0.64,822,0,60.0,2.5,30.0,1.25,11.5,7.7,10,Long
947,1804,(nameless),2013,20130917,20130919,3,3,19.285,109.901,34372.2,165.05,147.77,36.373,45270.8,4011198217.0,4.0112,388,0,48.0,2.0,48.0,2.0,12.7,4.1,9,Moderate
948,1803,Usagi,2013,20130921,20130924,4,4,25.275,112.101,322714.0,105.73,175.47,23.76,939477.4,36062488700.0,36.0625,8408,0,72.0,3.0,36.0,1.5,21.3,16.5,13,Long
949,1806,Wutip,2013,20130927,20130930,4,4,19.359,109.82,11470.0,50.58,67.89,13.954,53573.4,1337896932.0,1.3379,460,0,96.0,4.0,48.0,2.0,17.3,4.0,16,Extreme
950,1808,Fitow,2013,20131006,20131007,2,2,29.258,120.179,196872.0,222.21,372.41,44.632,340733.4,21232153868.0,21.2322,3144,0,30.0,1.25,24.0,1.0,21.3,15.3,6,Short
951,1809,Danas,2013,20131007,20131008,2,2,29.925,122.181,2335.2,202.76,171.47,70.763,2035.0,250234448.0,0.2502,19,0,30.0,1.25,12.0,0.5,37.6,27.6,8,Short
952,1810,Nari,2013,20131013,20131015,3,3,19.115,109.851,23552.9,118.23,92.49,34.234,44345.2,2751498402.0,2.7515,380,0,72.0,3.0,42.0,1.75,16.1,10.8,12,Long
953,1815,Krosa,2013,20131102,20131103,2,2,23.673,116.702,5405.8,45.88,55.73,19.375,31261.5,612131524.0,0.6121,276,0,48.0,2.0,36.0,1.5,9.8,3.5,8,Moderate
954,1815,Krosa,2013,20131104,20131104,1,1,20.553,111.46,1504.7,7.45,16.93,3.329,52193.4,174140657.0,0.1741,452,0,12.0,0.5,12.0,0.5,24.5,23.4,3,Short
955,1817,Haiyan,2013,20131109,20131111,3,3,22.486,109.067,285492.4,193.51,292.18,43.494,497666.3,32593898564.0,32.5939,4398,0,60.0,2.5,24.0,1.0,27.6,12.1,11,Long
956,1825,Mitag,2014,20140609,20140610,2,2,23.481,116.498,186.3,7.9,9.64,2.911,7258.3,21124370.0,0.0211,64,0,48.0,2.0,6.0,0.25,14.1,5.5,8,Moderate
957,1826,Hagibis,2014,20140613,20140617,5,5,25.675,118.017,107059.1,133.97,229.02,19.996,406256.9,11920967289.0,11.921,3695,0,96.0,4.0,54.0,2.25,25.4,5.6,18,Extreme
958,1827,Neoguri,2014,20140708,20140709,2,2,29.974,122.077,473.4,22.81,30.84,6.667,6108.6,50700752.0,0.0507,57,0,42.0,1.75,24.0,1.0,24.8,18.2,8,Moderate
959,1828,Rammasun,2014,20140717,20140719,3,3,21.231,109.256,256809.4,229.01,427.01,30.789,642601.7,29582098673.0,29.5821,5676,0,66.0,2.75,42.0,1.75,20.7,16.0,12,Long
960,1829,Matmo,2014,20140722,20140726,5,5,31.154,119.097,458382.6,156.61,238.39,29.389,1006506.8,48314863960.0,48.3149,9644,0,96.0,4.0,30.0,1.25,27.4,13.0,17,Extreme
961,1831,Nakri,2014,20140801,20140802,2,2,30.567,121.083,18381.1,58.46,64.57,15.204,78964.7,1956602636.0,1.9566,744,0,48.0,2.0,36.0,1.5,16.1,11.2,8,Moderate
962,1830,Halong,2014,20140811,20140812,2,2,46.731,133.503,9920.8,36.29,28.01,10.866,47727.2,840690243.0,0.8407,564,0,48.0,2.0,36.0,1.5,16.4,10.8,8,Moderate
963,1833,(nameless),2014,20140818,20140820,3,3,27.313,117.911,264068.6,121.48,134.74,28.955,618251.6,28990676654.0,28.9907,5627,0,60.0,2.5,30.0,1.25,37.9,25.1,10,Long
964,1835,(nameless),2014,20140906,20140908,3,3,21.057,110.44,56893.8,114.56,223.13,16.534,251618.2,6562799938.0,6.5628,2198,0,48.0,2.0,30.0,1.25,17.6,12.9,9,Moderate
965,1836,Kalmaegi,2014,20140915,20140917,3,3,22.666,107.751,339743.6,161.28,276.88,40.963,724021.2,38736889110.0,38.7369,6398,0,54.0,2.25,24.0,1.0,31.2,23.9,10,Moderate
966,1837,Fung-wong,2014,20140920,20140924,5,5,29.151,120.531,82395.9,108.59,148.48,15.993,328433.9,8893431436.0,8.8934,3048,0,102.0,4.25,48.0,2.0,24.6,9.0,20,Extreme
967,1840,Vongfong,2014,20141012,20141012,1,1,30.05,122.15,1.7,1.71,1.71,1.706,107.0,182602.0,0.0002,1,0,18.0,0.75,6.0,0.25,23.7,17.9,4,Short
968,1848,Maysak,2015,20150406,20150406,1,1,24.11,117.607,175.2,10.72,14.36,3.982,4965.8,19770965.0,0.0198,44,0,6.0,0.25,6.0,0.25,7.2,7.2,2,Short
969,1850,Noul,2015,20150511,20150511,1,1,26.962,120.667,161.8,15.39,21.19,4.623,3890.5,17825056.0,0.0178,35,0,24.0,1.0,0.0,0.0,44.0,22.8,4,Short
970,1852,Kujira,2015,20150619,20150624,6,6,21.386,109.369,66836.3,72.46,89.46,10.407,354899.5,7690866691.0,7.6909,3114,0,120.0,5.0,72.0,3.0,9.2,4.0,21,Extreme
971,1854,Linfa,2015,20150706,20150709,4,4,23.94,116.098,52101.8,88.94,166.78,14.92,282708.0,5887043978.0,5.887,2524,0,90.0,3.75,60.0,2.5,11.1,5.6,16,Extreme
972,1853,Chan-hom,2015,20150710,20150712,3,3,31.695,121.133,106729.2,145.12,236.76,20.895,347111.1,11210288630.0,11.2103,3368,0,66.0,2.75,42.0,1.75,23.3,14.8,12,Long
973,1858,Soudelor,2015,20150807,20150811,5,5,29.019,118.362,530202.2,206.01,271.39,28.795,961178.2,57268318928.0,57.2683,8885,0,120.0,5.0,66.0,2.75,22.1,12.4,20,Extreme
974,1860,Goni,2015,20150823,20150824,2,2,27.687,120.777,1749.8,22.45,36.86,8.293,21461.1,191558403.0,0.1916,195,0,36.0,1.5,12.0,0.5,29.4,13.1,8,Moderate
975,1860,Goni,2015,20150826,20150827,2,2,44.253,128.54,85667.2,49.29,92.12,16.9,373855.9,7585002074.0,7.585,4278,0,30.0,1.25,12.0,0.5,26.5,22.6,6,Short
976,1864,Vamco,2015,20150913,20150915,3,3,19.006,109.879,22948.2,188.72,164.05,40.26,38313.0,2682633562.0,2.6826,328,0,48.0,2.0,42.0,1.75,17.4,7.4,9,Moderate
977,1866,Dujuan,2015,20150928,20150930,3,3,27.004,118.194,212490.6,128.72,197.38,20.836,722438.6,23394752655.0,23.3948,6643,0,54.0,2.25,42.0,1.75,21.7,12.9,10,Moderate
978,1867,Mujigae,2015,20151003,20151005,3,3,23.109,110.798,349301.0,206.66,272.19,37.926,606580.0,39705017840.0,39.705,5368,0,48.0,2.0,36.0,1.5,19.5,14.0,9,Moderate
979,1874,(nameless),2016,20160526,20160528,3,3,24.083,112.536,166813.6,71.55,160.23,14.014,847422.0,18817190734.0,18.8172,7582,0,48.0,2.0,30.0,1.25,21.6,17.2,9,Moderate
980,1875,NEPARTAK,2016,20160708,20160710,3,3,26.051,117.078,165471.4,105.92,184.8,22.618,510390.5,18375952351.0,18.376,4609,0,48.0,2.0,42.0,1.75,13.2,5.0,9,Moderate
981,1878,MIRINAE,2016,20160726,20160728,3,3,21.106,108.317,60938.9,74.48,148.92,12.824,367846.1,7024823975.0,7.0248,3227,0,54.0,2.25,48.0,2.0,17.5,10.2,10,Moderate
982,1879,NIDA,2016,20160801,20160803,3,3,23.986,111.006,323531.3,107.54,211.68,23.557,950185.5,36529334346.0,36.5293,8486,0,48.0,2.0,30.0,1.25,26.2,20.5,9,Moderate
983,1883,DIANMU,2016,20160815,20160820,6,6,21.4,109.576,368972.1,180.99,438.09,21.63,807706.1,42451011615.0,42.451,7132,0,114.0,4.75,84.0,3.5,15.3,3.9,20,Extreme
984,1885,Lionrock,2016,20160830,20160830,1,1,46.321,132.649,9395.9,36.85,46.42,19.534,41081.9,802267713.0,0.8023,481,0,0.0,0.0,0.0,0.0,56.6,32.5,4,Short
985,1888,Malou,2016,20160905,20160906,2,2,26.023,120.011,264.5,16.09,18.22,4.99,5838.1,29379659.0,0.0294,53,0,30.0,1.25,12.0,0.5,22.7,17.0,6,Short
986,1890,RAI,2016,20160912,20160913,2,2,18.964,109.684,12598.0,77.63,68.43,22.141,34706.4,1473074428.0,1.4731,297,0,42.0,1.75,18.0,0.75,22.8,16.0,8,Moderate
987,1890,RAI,2016,20160914,20160914,1,1,21.5,100.696,10.1,1.72,1.78,1.443,805.2,1162124.0,0.0012,7,0,0.0,0.0,0.0,0.0,18.5,18.5,2,Short
988,1889,MERANTI,2016,20160914,20160917,4,4,29.368,119.366,409146.3,177.37,227.53,35.223,692159.9,44048285685.0,44.0483,6429,0,78.0,3.25,42.0,1.75,24.2,12.9,14,Long
989,1891,MALAKAS,2016,20160916,20160919,4,4,27.218,119.786,23524.3,50.07,152.73,15.396,148823.0,2585547523.0,2.5855,1359,0,78.0,3.25,36.0,1.5,20.8,7.4,16,Long
990,1892,MEGI,2016,20160927,20160929,3,3,27.786,117.766,449793.0,206.76,369.32,38.186,813480.2,49169202335.0,49.1692,7475,0,66.0,2.75,48.0,2.0,18.7,11.2,12,Long
991,1893,CHABA,2016,20161004,20161004,1,1,30.651,121.837,666.4,11.32,17.43,4.565,15490.4,70880759.0,0.0709,146,0,24.0,1.0,12.0,0.5,32.1,28.0,4,Short
992,1894,AERE,2016,20161006,20161011,6,6,24.516,117.511,54675.2,122.79,131.04,15.586,154138.2,6150082562.0,6.1501,1369,0,144.0,6.0,114.0,4.75,10.6,2.5,24,Extreme
993,1894,AERE,2016,20161012,20161014,3,3,19.013,109.816,41603.0,241.55,276.38,59.095,44807.5,4863161356.0,4.8632,384,0,60.0,2.5,54.0,2.25,15.5,12.0,11,Long
994,1896,SARIKA,2016,20161017,20161020,4,4,22.919,109.3,323437.7,169.48,247.0,29.799,600359.8,36798563464.0,36.7986,5330,0,78.0,3.25,48.0,2.0,14.8,10.6,14,Long
995,1897,HAIMA,2016,20161020,20161022,3,3,27.518,116.881,254888.9,91.27,152.08,22.619,922589.7,27903624101.0,27.9036,8478,0,66.0,2.75,30.0,1.25,31.2,22.5,12,Long
996,1903,(nameless),2017,20170419,20170420,2,2,24.368,118.142,1405.2,26.11,20.32,7.806,15321.1,158254942.0,0.1583,136,0,30.0,1.25,12.0,0.5,22.1,13.1,6,Short
997,1905,MERBOK,2017,20170611,20170613,3,3,26.676,116.785,215708.1,86.09,186.11,20.872,817719.4,23802530327.0,23.8025,7413,0,66.0,2.75,24.0,1.0,20.8,14.8,17,Long
998,1906,NANMADOL,2017,20170702,20170703,2,2,28.689,120.736,8585.2,37.88,75.64,11.809,72893.7,931047494.0,0.931,671,0,42.0,1.75,12.0,0.5,34.6,26.4,8,Moderate
999,1907,TALAS,2017,20170714,20170717,4,4,19.887,109.292,45737.8,111.41,206.61,17.755,183689.9,5316239385.0,5.3162,1600,0,84.0,3.5,48.0,2.0,17.6,6.5,15,Long
1000,1911,SONCA,2017,20170721,20170725,5,5,19.452,109.781,30905.5,119.17,73.85,11.97,81932.5,3602622302.0,3.6026,707,0,120.0,5.0,108.0,4.5,9.9,1.9,20,Extreme
1001,1911,SONCA,2017,20170728,20170729,2,2,21.327,101.888,502.8,10.84,13.36,7.182,5987.0,57900903.0,0.0579,52,0,30.0,1.25,30.0,1.25,3.3,2.6,6,Short
1002,1910,ROKE,2017,20170722,20170723,2,2,23.119,112.896,31165.5,26.79,90.28,8.026,404186.1,3541852893.0,3.5419,3570,0,36.0,1.5,21.0,0.88,27.8,22.0,11,Moderate
1003,1913,HAITANG,2017,20170727,20170727,1,1,22.428,114.231,31.7,5.01,5.02,2.441,1484.9,3627016.0,0.0036,13,0,12.0,0.5,6.0,0.25,10.9,10.6,2,Short
1004,1913,HAITANG,2017,20170729,20170803,6,6,30.813,117.082,577494.0,129.76,164.32,22.24,1309500.5,61131693937.0,61.1317,12463,0,126.0,5.25,72.0,3.0,21.2,7.6,27,Extreme
1005,1912,NESAT,2017,20170729,20170731,3,3,26.303,117.675,179398.8,129.48,161.84,21.656,518061.8,19878884848.0,19.8789,4705,0,48.0,2.0,36.0,1.5,20.9,11.4,13,Moderate
1006,1916,HATO,2017,20170822,20170825,4,4,23.554,107.531,418301.5,119.05,157.11,24.395,1130063.9,47391722974.0,47.3917,10048,0,72.0,3.0,36.0,1.5,29.0,21.2,17,Long
1007,1917,PAKHAR,2017,20170826,20170828,3,3,23.785,110.749,198958.0,71.26,175.31,15.881,886624.3,22501836621.0,22.5018,7878,0,48.0,2.0,27.0,1.12,33.6,26.1,13,Moderate
1008,1919,MAWAR,2017,20170831,20170904,5,5,23.491,114.441,67311.8,79.44,169.03,11.626,340918.1,7631734286.0,7.6317,3024,0,102.0,4.25,60.0,2.5,8.0,4.1,22,Extreme
1009,1920,GUCHOL,2017,20170906,20170907,2,2,25.538,116.849,19026.6,30.91,87.95,9.673,205818.7,2121826304.0,2.1218,1851,0,36.0,1.5,18.0,0.75,15.0,8.9,7,Moderate
1010,1921,TALIM,2017,20170913,20170916,4,4,29.677,121.404,4661.2,36.04,37.68,6.678,44810.3,500709517.0,0.5007,418,0,90.0,3.75,54.0,2.25,11.9,4.1,16,Extreme
1011,1922,DOKSURI,2017,20170913,20170916,4,4,19.415,109.029,31641.8,118.23,154.07,17.206,139188.4,3689045519.0,3.689,1209,0,78.0,3.25,36.0,1.5,24.6,20.0,14,Long
1012,1923,(nameless),2017,20170923,20170925,3,3,20.949,110.002,29208.7,40.21,57.81,8.531,254110.5,3371482519.0,3.3715,2220,0,48.0,2.0,36.0,1.5,25.2,17.9,13,Moderate
1013,1924,(nameless),2017,20171008,20171010,3,3,20.364,108.675,58158.4,132.72,190.5,22.172,218388.8,6737629130.0,6.7376,1915,0,48.0,2.0,24.0,1.0,29.1,15.3,9,Moderate
1014,1925,KHANUN,2017,20171014,20171016,3,3,22.099,111.017,100749.5,80.67,88.93,20.419,404222.9,11537882102.0,11.5379,3548,0,54.0,2.25,30.0,1.25,22.4,9.1,14,Moderate
1015,1929,HAIKUI,2017,20171112,20171113,2,2,19.374,110.168,8284.6,57.29,95.85,11.835,63892.3,966232740.0,0.9662,550,0,30.0,1.25,30.0,1.25,10.4,9.0,6,Short
1016,1937,EWINIAR,2018,20180603,20180610,8,8,23.254,113.119,543133.7,342.96,260.54,32.182,637620.9,61659897728.0,61.6599,5656,1,168.0,7.0,111.0,4.62,11.4,4.1,48,Extreme
1017,1939,GAEMI,2018,20180613,20180615,3,3,23.61,114.713,33328.7,70.02,178.13,13.744,190192.3,3774698517.0,3.7747,1691,0,60.0,2.5,18.0,0.75,16.2,3.7,14,Long
1018,1940,PRAPIROON,2018,20180704,20180704,1,1,42.77,130.844,40.9,3.43,3.6,2.724,1361.6,3708810.0,0.0037,15,0,6.0,0.25,6.0,0.25,32.0,18.3,4,Short
1019,1941,MARIA,2018,20180710,20180713,4,4,28.467,114.742,226077.7,64.36,153.46,16.115,1074302.5,24542475415.0,24.5425,10000,0,72.0,3.0,42.0,1.75,26.2,16.2,25,Long
1020,1942,SON-TINH,2018,20180717,20180724,8,8,21.772,109.156,303334.9,200.11,218.87,18.603,653634.5,34812001339.0,34.812,5771,1,180.0,7.5,129.0,5.38,17.6,5.1,48,Extreme
1021,1943,AMPIL,2018,20180721,20180726,6,6,42.856,122.043,579655.2,91.43,194.17,24.423,1564373.1,52308683083.0,52.3087,17074,0,126.0,5.25,24.0,1.0,31.7,17.4,40,Extreme
1022,1944,(nameless),2018,20180722,20180724,3,3,31.494,119.791,35098.3,37.67,90.44,9.307,301375.4,3695686222.0,3.6957,2854,0,48.0,2.0,12.0,0.5,29.4,25.9,9,Moderate
1023,1946,JONGDARI,2018,20180801,20180804,4,4,31.143,118.526,113929.3,60.94,206.79,12.473,635827.9,12050935922.0,12.0509,6044,0,93.0,3.88,51.0,2.12,20.2,7.4,28,Extreme
1024,1951,BEBINCA,2018,20180809,20180817,9,9,21.513,110.404,409303.4,342.43,235.39,19.032,626174.6,47060980384.0,47.061,5511,1,210.0,8.75,189.0,7.88,11.5,0.0,63,Extreme
1025,1949,YAGI,2018,20180812,20180815,4,4,35.528,118.506,408863.2,125.18,232.6,21.839,1167950.4,41055553181.0,41.0556,11532,0,93.0,3.88,66.0,2.75,24.9,6.9,32,Extreme
1026,1953,RUMBIA,2018,20180815,20180820,6,6,34.831,118.1,839927.4,205.82,342.22,31.313,1386430.8,85118457086.0,85.1185,13839,1,138.0,5.75,84.0,3.5,20.1,3.7,41,Extreme
1027,1954,SOULIK,2018,20180822,20180822,1,1,31.523,120.802,1293.9,20.21,45.16,7.31,18605.8,136364413.0,0.1364,177,0,24.0,1.0,6.0,0.25,15.6,9.3,4,Short
1028,1954,SOULIK,2018,20180823,20180823,1,1,37.206,122.099,614.0,25.1,29.85,10.772,5618.0,60467306.0,0.0605,57,0,24.0,1.0,12.0,0.5,22.9,13.3,4,Short
1029,1954,SOULIK,2018,20180824,20180825,2,2,43.274,129.254,59515.7,88.51,131.12,36.005,113810.1,5356390946.0,5.3564,1274,0,42.0,1.75,12.0,0.5,29.5,24.2,8,Moderate
1030,1956,(nameless),2018,20180822,20180825,4,4,26.357,118.391,111325.4,94.33,233.79,16.016,385548.3,12328361225.0,12.3284,3486,0,78.0,3.25,78.0,3.25,8.4,3.7,27,Long
1031,1957,JEBI,2018,20180905,20180905,1,1,47.571,133.919,7524.5,43.8,62.04,14.144,44808.1,627639366.0,0.6276,532,0,24.0,1.0,18.0,0.75,39.0,24.3,4,Short
1032,1959,BARIJAT,2018,20180909,20180913,5,5,22.636,110.798,23189.8,30.56,86.62,8.834,279575.9,2645196137.0,2.6452,2458,0,114.0,4.75,39.0,1.62,16.6,5.2,27,Extreme
1033,1958,MANGKHUT,2018,20180915,20180917,3,3,23.304,110.81,345942.9,152.95,255.5,37.118,821495.3,39264098138.0,39.2641,7299,0,60.0,2.5,33.0,1.38,28.7,19.1,20,Long
1034,1961,KONG-REY,2018,20181005,20181005,1,1,29.915,121.706,2403.7,33.08,48.1,10.636,24162.8,257599747.0,0.2576,226,0,24.0,1.0,18.0,0.75,33.7,28.9,4,Short
1035,1962,YUTU,2018,20181101,20181103,3,3,24.009,116.603,22452.3,62.79,63.4,11.737,134583.6,2535761444.0,2.5358,1190,0,54.0,2.25,48.0,2.0,5.5,2.5,10,Moderate
1036,1973,MUN,2019,20190702,20190704,3,3,22.242,107.778,105359.9,72.55,122.38,14.219,589250.8,12047203117.0,12.0472,5212,0,66.0,2.75,51.0,2.12,18.5,12.8,17,Long
1037,1974,DANAS,2019,20190718,20190720,3,3,30.008,120.745,2596.2,8.55,12.6,2.991,83042.5,277890570.0,0.2779,778,0,72.0,3.0,24.0,1.0,23.9,11.2,12,Long
1038,1974,DANAS,2019,20190721,20190723,3,3,43.682,128.824,81120.4,51.6,59.33,19.002,216349.9,7251675777.0,7.2517,2423,0,48.0,2.0,36.0,1.5,18.0,10.0,9,Moderate
1039,1976,WIPHA,2019,20190730,20190803,5,5,21.718,110.054,343943.7,281.63,222.32,28.176,515146.2,39494246252.0,39.4942,4532,0,108.0,4.5,81.0,3.38,13.3,3.5,31,Extreme
1040,1977,FRANCISCO,2019,20190807,20190808,2,2,43.585,129.131,20945.5,23.19,59.69,9.747,170206.7,1875523620.0,1.8755,1901,0,42.0,1.75,24.0,1.0,28.0,18.6,8,Moderate
1041,1978,LEKIMA,2019,20190808,20190814,7,7,34.89,119.404,800569.3,241.36,359.98,33.707,1014853.1,80994024710.0,80.994,10033,1,156.0,6.5,96.0,4.0,15.8,3.7,45,Extreme
1042,1979,KROSA,2019,20190816,20190816,1,1,43.916,131.61,7146.3,90.41,92.32,60.053,10564.9,636351869.0,0.6364,119,0,24.0,1.0,6.0,0.25,29.1,18.6,4,Short
1043,1980,BAILU,2019,20190824,20190826,3,3,24.149,113.06,267072.5,121.17,164.04,26.419,755723.8,30121944468.0,30.1219,6769,0,54.0,2.25,33.0,1.38,22.7,10.9,19,Moderate
1044,1981,PODUL,2019,20190828,20190830,3,3,19.68,109.702,14601.6,55.67,75.43,16.687,88600.1,1699629554.0,1.6996,765,0,60.0,2.5,30.0,1.25,25.6,9.0,12,Long
1045,1983,KAJIKI,2019,20190831,20190907,8,8,20.284,110.596,127501.3,253.44,219.76,21.293,206297.6,14781958032.0,14.782,1798,1,174.0,7.25,123.0,5.12,18.4,2.6,35,Extreme
1046,1982,LINGLING,2019,20190905,20190908,4,4,44.306,128.13,238949.5,70.88,92.2,22.866,687069.4,21085408369.0,21.0854,7657,0,90.0,3.75,18.0,0.75,39.9,14.8,16,Extreme
1047,1985,(nameless),2019,20190907,20190910,4,4,29.937,120.317,7679.1,28.21,91.24,7.286,90314.6,821609046.0,0.8216,843,0,90.0,3.75,42.0,1.75,19.1,12.1,16,Extreme
1048,1987,TAPAH,2019,20190921,20190922,2,2,30.106,121.742,7771.9,98.4,95.71,24.517,28446.6,831253981.0,0.8313,266,0,30.0,1.25,24.0,1.0,34.3,20.5,8,Short
1049,1988,MITAG,2019,20190930,20191002,3,3,29.808,121.129,65500.3,145.43,208.32,23.862,192297.3,7025496025.0,7.0255,1793,0,66.0,2.75,36.0,1.5,27.4,15.2,16,Long
1050,1997,FUNG-WONG,2019,20191123,20191124,2,2,29.852,121.706,751.9,7.96,13.05,3.741,20680.1,80632036.0,0.0806,193,0,24.0,1.0,6.0,0.25,23.1,4.1,5,Short
1051,2000,Vongfong,2020,20200516,20200517,2,2,24.816,118.514,725.5,9.86,12.46,4.805,16649.1,81412793.0,0.0814,148,0,48.0,2.0,18.0,0.75,20.2,15.7,8,Moderate
1052,2001,Nuri,2020,20200613,20200614,2,2,23.172,109.697,63584.7,34.69,146.95,11.567,543267.7,7222847743.0,7.2228,4794,0,36.0,1.5,18.0,0.75,24.7,14.4,13,Moderate
1053,2002,Sinlaku,2020,20200731,20200803,4,4,21.066,109.457,68609.5,82.64,143.47,13.361,309708.6,7913409974.0,7.9134,2706,0,66.0,2.75,45.0,1.88,21.4,11.1,16,Long
1054,2003,Hagupit,2020,20200802,20200806,5,5,33.105,121.013,144429.5,83.17,199.76,15.018,742349.8,14898459218.0,14.8985,7431,0,120.0,5.0,39.0,1.62,26.6,10.6,29,Extreme
1055,2004,Jangmi,2020,20200809,20200809,1,1,30.616,121.704,40.1,5.74,5.9,4.012,1067.9,4268406.0,0.0043,10,0,24.0,1.0,6.0,0.25,42.5,38.9,4,Short
1056,2004,Jangmi,2020,20200810,20200811,2,2,43.917,130.311,4513.5,7.32,14.3,4.303,89511.0,401856759.0,0.4019,1006,0,30.0,1.25,12.0,0.5,58.1,45.2,8,Short
1057,2005,Mekkhala,2020,20200810,20200811,2,2,25.906,116.138,58899.4,38.74,146.35,13.221,471978.8,6547625251.0,6.5476,4262,0,30.0,1.25,15.0,0.62,25.1,22.2,11,Short
1058,2007,Higos,2020,20200817,20200819,3,3,23.768,112.481,132202.6,67.66,131.89,13.382,754199.9,14952197239.0,14.9522,6714,0,63.0,2.62,33.0,1.38,21.7,15.2,18,Long
1059,2008,Bavi,2020,20200821,20200823,3,3,27.273,120.08,1164.2,9.76,16.2,3.016,37233.2,127907596.0,0.1279,339,0,72.0,3.0,36.0,1.5,13.3,9.4,12,Long
1060,2008,Bavi,2020,20200825,20200828,4,4,43.084,125.236,356742.7,73.86,196.54,20.658,944918.1,32136511394.0,32.1365,10558,0,72.0,3.0,24.0,1.0,26.8,9.4,13,Long
1061,2009,Maysak,2020,20200901,20200902,2,2,29.978,122.092,684.6,35.77,43.82,10.373,6007.2,73323975.0,0.0733,56,0,36.0,1.5,24.0,1.0,29.1,13.0,8,Moderate
1062,2009,Maysak,2020,20200903,20200906,4,4,46.594,125.369,680315.3,108.02,156.34,27.246,1019433.0,57730623585.0,57.7306,12108,0,72.0,3.0,42.0,1.75,25.6,9.1,13,Long
1063,2010,Haishen,2020,20200907,20200908,2,2,44.769,127.668,334763.1,88.49,158.25,31.362,667778.6,29366608079.0,29.3666,7716,0,30.0,1.25,18.0,0.75,32.6,10.8,7,Short
1064,2011,Noul,2020,20200917,20200918,2,2,19.07,109.85,18045.3,105.47,99.28,24.452,44345.2,2108625958.0,2.1086,380,0,36.0,1.5,18.0,0.75,30.7,20.0,8,Moderate
1065,2015,Linfa,2020,20201010,20201012,3,3,18.701,109.732,1764.7,20.1,26.37,8.058,23637.2,206673207.0,0.2067,202,0,48.0,2.0,24.0,1.0,17.4,12.1,9,Moderate
1066,2016,Nangka,2020,20201012,20201014,3,3,21.399,109.603,93032.2,134.27,208.2,30.816,265760.9,10706186446.0,10.7062,2322,0,60.0,2.5,39.0,1.62,21.1,14.6,16,Long
1067,2017,(nameless),2020,20201015,20201016,2,2,19.015,109.941,9495.0,81.49,81.31,25.053,40868.8,1109893614.0,1.1099,350,0,36.0,1.5,12.0,0.5,33.3,25.1,7,Moderate
1068,2018,Saudel,2020,20201023,20201023,1,1,22.25,112.799,2.8,1.41,1.41,1.394,228.9,319136.0,0.0003,2,0,24.0,1.0,6.0,0.25,8.0,7.1,4,Short
1069,2018,Saudel,2020,20201024,20201026,3,3,19.371,109.951,14659.2,61.61,77.73,12.973,57937.0,1709788815.0,1.7098,498,0,54.0,2.25,54.0,2.25,17.2,12.9,10,Moderate
1070,2020,Molave,2020,20201028,20201028,1,1,18.958,109.787,11260.4,95.32,157.7,45.222,29118.2,1316719161.0,1.3167,249,0,24.0,1.0,12.0,0.5,23.0,12.5,4,Short
1071,2021,Goni,2020,20201105,20201106,2,2,18.405,109.593,178.0,5.11,5.11,3.018,6686.3,20886952.0,0.0209,57,0,30.0,1.25,6.0,0.25,15.0,7.4,6,Short
1072,2022,Atsani,2020,20201107,20201107,1,1,26.1,118.569,244.0,3.2,5.24,1.66,16308.8,27087845.0,0.0271,147,0,12.0,0.5,12.0,0.5,5.5,5.5,3,Short
1073,2024,Vamco,2020,20201113,20201116,4,4,19.361,109.446,26069.9,102.98,150.92,18.346,105556.7,3040601136.0,3.0406,917,0,72.0,3.0,42.0,1.75,19.0,15.1,13,Long
1074,2029,Choi-wan,2021,20210603,20210605,3,3,25.198,118.282,10600.6,29.74,37.6,10.951,93666.1,1185514513.0,1.1855,837,0,66.0,2.75,18.0,0.75,31.9,15.7,12,Long
1075,2030,Koguma,2021,20210611,20210613,3,3,21.072,108.544,41313.9,51.91,58.0,9.422,291029.9,4764329713.0,4.7643,2544,0,60.0,2.5,39.0,1.62,19.9,8.0,16,Long
1076,2032,(nameless),2021,20210706,20210708,3,3,21.059,108.662,37565.8,58.89,150.71,11.363,221385.1,4332574450.0,4.3326,1931,0,48.0,2.0,30.0,1.25,19.5,14.8,14,Moderate
1077,2034,Cempaka,2021,20210717,20210724,8,8,22.671,110.54,224183.5,122.61,147.07,11.972,669046.2,25567910559.0,25.5679,5915,0,168.0,7.0,138.0,5.75,8.9,0.0,42,Extreme
1078,2033,In-fa,2021,20210723,20210731,9,9,34.572,118.838,937307.4,229.16,260.15,27.648,1333161.7,95203297695.0,95.2033,13377,1,192.0,8.0,114.0,4.75,13.4,3.2,55,Extreme
1079,2035,Nepartak,2021,20210730,20210731,2,2,43.89,131.252,60.3,2.55,3.58,1.371,3839.2,5374831.0,0.0054,43,0,30.0,1.25,30.0,1.25,5.5,2.8,6,Short
1080,2036,Lupit,2021,20210802,20210807,6,6,24.682,116.191,290112.8,157.27,213.58,18.526,614272.9,32575336415.0,32.5753,5470,0,132.0,5.5,102.0,4.25,13.2,3.7,40,Extreme
1081,2037,Mirinae,2021,20210803,20210804,2,2,26.842,120.443,2228.0,71.62,72.32,42.846,5281.0,245757244.0,0.2458,48,0,42.0,1.75,6.0,0.25,11.2,7.5,7,Moderate
1082,2039,Omais,2021,20210822,20210823,2,2,29.0,120.664,2563.8,16.72,27.33,5.697,45863.0,277163251.0,0.2772,426,0,36.0,1.5,12.0,0.5,35.7,16.3,8,Moderate
1083,2039,Omais,2021,20210824,20210824,1,1,41.491,128.162,48.2,4.64,4.69,4.021,1111.2,4468493.0,0.0045,12,0,18.0,0.75,12.0,0.5,24.9,23.6,4,Short
1084,2041,Conson,2021,20210910,20210913,4,4,19.107,109.955,11064.1,88.48,81.93,9.932,41448.6,1292583087.0,1.2926,355,0,84.0,3.5,84.0,3.5,6.8,0.0,15,Long
1085,2042,Chanthu,2021,20210911,20210916,6,6,29.953,120.966,75241.1,148.31,182.22,17.746,222822.4,8058476212.0,8.0585,2079,0,144.0,6.0,96.0,4.0,13.9,3.7,24,Extreme
1086,2043,Dianmu,2021,20210923,20210924,2,2,18.913,109.93,8883.8,78.21,81.28,17.803,37032.0,1039084529.0,1.0391,317,0,36.0,1.5,24.0,1.0,21.2,16.1,8,Moderate
1087,2045,Lionrock,2021,20211006,20211010,5,5,21.618,110.023,287780.3,260.86,263.8,39.406,376389.5,33065218093.0,33.0652,3302,0,102.0,4.25,75.0,3.12,10.9,4.1,26,Extreme
1088,2046,Kompasu,2021,20211012,20211012,1,1,23.05,116.25,1.0,1.05,1.05,1.045,113.8,118941.0,0.0001,1,0,24.0,1.0,15.0,0.62,28.0,21.1,7,Short
1089,2046,Kompasu,2021,20211013,20211014,2,2,21.034,110.282,73789.9,91.01,163.82,23.009,264846.4,8512174280.0,8.5122,2312,0,36.0,1.5,36.0,1.5,23.2,12.8,10,Moderate
1090,2051,Rai,2021,20211219,20211221,3,3,23.246,114.047,85843.1,63.84,95.74,18.589,365099.4,9747611169.0,9.7476,3211,0,54.0,2.25,12.0,0.5,21.7,14.8,10,Moderate
1091,2054,Chaba,2022,20220630,20220707,8,8,30.039,114.797,1114599.1,165.87,228.78,26.665,2193668.4,118377958296.0,118.378,20946,0,180.0,7.5,45.0,1.88,18.8,4.1,52,Extreme
1092,2056,Songda,2022,20220730,20220802,4,4,34.742,120.57,14197.4,30.64,132.72,6.949,156544.8,1440957721.0,1.441,1536,0,72.0,3.0,60.0,2.5,11.2,0.0,13,Long
1093,2057,Trases,2022,20220801,20220801,1,1,37.063,122.409,219.3,10.73,12.36,5.1,4240.3,21636025.0,0.0216,43,0,12.0,0.5,6.0,0.25,28.5,22.7,3,Short
1094,2058,(nameless),2022,20220803,20220804,2,2,23.343,113.564,103694.9,77.51,191.56,16.441,463062.0,11769563954.0,11.7696,4098,0,24.0,1.0,24.0,1.0,20.3,15.6,9,Short
1095,2059,Mulan,2022,20220808,20220811,4,4,22.087,109.847,159600.4,115.09,163.94,19.18,535324.7,18279474506.0,18.2795,4710,0,66.0,2.75,39.0,1.62,21.4,7.9,17,Long
1096,2061,Ma-on,2022,20220824,20220826,3,3,22.185,108.939,141784.5,76.07,197.93,16.074,672400.0,16224455132.0,16.2245,5925,0,48.0,2.0,30.0,1.25,28.6,17.9,14,Moderate
1097,2063,Hinnamnor,2022,20220903,20220905,3,3,30.056,121.189,26183.6,79.24,88.06,17.873,91871.5,2801675948.0,2.8017,859,0,66.0,2.75,30.0,1.25,23.1,11.2,12,Long
1098,2063,Hinnamnor,2022,20220906,20220906,1,1,46.228,133.017,19288.0,42.55,54.78,24.824,67201.0,1649225645.0,1.6492,777,0,18.0,0.75,12.0,0.5,82.3,76.9,4,Short
1099,2065,Muifa,2022,20220912,20220916,5,5,36.205,122.01,337757.3,187.25,188.18,30.429,669742.8,33588345720.0,33.5883,6824,0,117.0,4.88,36.0,1.5,23.7,3.7,34,Extreme
1100,2069,Noru,2022,20220926,20220928,3,3,19.27,109.754,24444.2,118.4,89.17,36.869,40868.8,2852915957.0,2.8529,350,0,66.0,2.75,30.0,1.25,21.7,12.5,12,Long
1101,2073,Sonca,2022,20221014,20221015,2,2,18.97,109.733,1337.8,10.58,15.66,5.267,29000.4,156421127.0,0.1564,248,0,30.0,1.25,18.0,0.75,18.2,10.9,6,Short
1102,2074,Nesat,2022,20221017,20221017,1,1,23.382,116.672,103.2,2.81,3.81,1.692,6922.5,11714463.0,0.0117,61,0,24.0,1.0,18.0,0.75,15.9,11.9,4,Short
1103,2074,Nesat,2022,20221018,20221020,3,3,19.792,110.053,56915.5,222.14,182.62,29.877,110337.1,6620576818.0,6.6206,955,0,54.0,2.25,54.0,2.25,11.8,6.5,10,Moderate
1104,2076,(nameless),2022,20221023,20221023,1,1,24.059,117.107,80.2,3.48,3.96,2.166,4178.5,9049055.0,0.009,37,0,6.0,0.25,6.0,0.25,25.3,25.3,2,Short
1105,2077,Nalgae,2022,20221101,20221103,3,3,23.676,114.849,39479.4,62.27,120.58,9.467,259262.5,4469722177.0,4.4697,2297,0,48.0,2.0,42.0,1.75,11.6,7.4,14,Moderate
1106,2085,TALIM,2023,20230715,20230718,4,4,22.543,110.287,284266.1,155.74,189.75,32.332,586357.4,32446499529.0,32.4465,5178,0,90.0,3.75,48.0,2.0,17.1,9.0,24,Extreme
1107,2086,DOKSURI,2023,20230727,20230731,5,5,34.647,115.707,833875.2,206.62,288.3,25.435,1702069.0,84538569706.0,84.5386,16500,0,96.0,4.0,45.0,1.88,21.3,7.0,33,Extreme
1108,2087,KHANUN,2023,20230802,20230805,4,4,28.842,121.04,2012.7,15.69,22.42,3.289,42784.4,217938750.0,0.2179,395,0,96.0,4.0,48.0,2.0,8.8,1.7,16,Extreme
1109,2087,KHANUN,2023,20230810,20230811,2,2,42.294,127.594,6689.8,34.88,40.44,7.392,67829.9,611816215.0,0.6118,740,0,30.0,1.25,18.0,0.75,19.1,11.5,7,Short
1110,2088,LAN,2023,20230816,20230817,2,2,47.168,134.294,67.7,2.68,7.88,2.114,2705.7,5685988.0,0.0057,32,0,12.0,0.5,12.0,0.5,31.0,23.8,8,Short
1111,2090,SAOLA,2023,20230830,20230904,6,6,23.212,112.164,217049.2,147.07,212.54,22.436,542454.8,24660601227.0,24.6606,4788,0,120.0,5.0,72.0,3.0,12.6,3.9,28,Extreme
1112,2092,HAIKUI,2023,20230902,20230910,9,9,23.473,113.858,523718.5,258.3,294.2,22.388,810587.2,59366913553.0,59.3669,7207,1,204.0,8.5,144.0,6.0,10.6,0.0,68,Extreme
1113,2095,(nameless),2023,20230924,20230926,3,3,19.045,109.996,19556.3,150.93,191.37,31.593,41100.7,2285557086.0,2.2856,352,0,42.0,1.75,24.0,1.0,18.6,15.5,9,Moderate
1114,2096,KOINU,2023,20231004,20231009,6,6,23.366,114.665,60647.8,91.85,245.51,10.435,302428.1,6882522502.0,6.8825,2680,0,138.0,5.75,102.0,4.25,9.6,2.5,28,Extreme
1115,2098,SANBA,2023,20231017,20231020,4,4,21.84,110.505,223774.0,289.76,272.18,33.26,365015.7,25673939187.0,25.6739,3206,0,93.0,3.88,63.0,2.62,10.7,5.1,28,Extreme
1116,2102,MALIKSI,2024,20240530,20240602,4,4,24.42,114.84,285571.5,101.17,151.84,19.851,825723.1,32120461441.0,32.1205,7373,0,72.0,3.0,39.0,1.62,17.0,3.7,23,Long
1117,2103,(nameless),2024,20240714,20240715,2,2,19.182,109.937,15120.2,80.32,82.97,18.644,54148.8,1765616595.0,1.7656,465,0,30.0,1.25,18.0,0.75,17.0,11.6,6,Short
1118,2105,PRAPIROON,2024,20240720,20240725,6,6,20.893,109.274,84529.2,109.03,171.1,11.897,294665.0,9760311143.0,9.7603,2578,0,126.0,5.25,96.0,4.0,13.1,2.5,29,Extreme
1119,2104,GAEMI,2024,20240724,20240728,5,5,27.255,115.903,640800.0,210.22,297.75,29.148,1047540.6,70379911628.0,70.3799,9689,0,96.0,4.0,72.0,3.0,14.6,6.4,33,Extreme
1120,2110,JONGDARI,2024,20240819,20240821,3,3,39.123,122.822,34709.6,72.01,105.31,22.08,127126.5,3326222406.0,3.3262,1309,0,48.0,2.0,6.0,0.25,28.8,20.4,9,Moderate
1121,2112,YAGI,2024,20240904,20240908,5,5,21.793,108.553,283782.6,218.26,233.71,28.79,626537.3,32562962515.0,32.563,5518,0,108.0,4.5,60.0,2.5,15.1,5.6,24,Extreme
1122,2114,BEBINCA,2024,20240915,20240918,4,4,32.737,118.205,200290.5,153.77,203.07,23.765,522339.4,20823217768.0,20.8232,5023,0,84.0,3.5,63.0,2.62,16.0,3.1,29,Long
1123,2116,SOULIK,2024,20240917,20240920,4,4,19.285,109.918,37685.2,199.47,243.93,30.49,79880.7,4397606957.0,4.3976,689,0,78.0,3.25,42.0,1.75,22.3,13.0,14,Long
1124,2115,PULASAN,2024,20240918,20240921,4,4,30.689,120.161,75372.5,73.38,173.43,10.9,438956.4,8008455054.0,8.0085,4168,0,72.0,3.0,51.0,2.12,32.0,7.4,24,Long
1125,2117,(nameless),2024,20240920,20240922,3,3,25.719,117.971,85250.1,73.85,203.2,18.294,345782.0,9492503940.0,9.4925,3122,0,48.0,2.0,30.0,1.25,14.3,9.1,9,Moderate
1126,2120,KRATHON,2024,20240930,20241003,4,4,25.838,118.48,2443.8,15.85,27.91,3.742,46412.6,271946387.0,0.2719,417,0,90.0,3.75,48.0,2.0,6.1,0.0,22,Extreme
1127,2122,TRAMI,2024,20241026,20241029,4,4,19.209,109.874,101130.6,414.89,338.73,68.01,48159.4,11807323395.0,11.8073,413,0,84.0,3.5,78.0,3.25,13.5,3.7,15,Long
1128,2123,KONG-REY,2024,20241031,20241101,2,2,29.715,120.413,162653.2,163.75,214.11,41.356,335505.5,17458636610.0,17.4586,3111,0,48.0,2.0,18.0,0.75,37.9,15.2,10,Moderate
1129,2124,YINXING,2024,20241110,20241112,3,3,20.904,111.6,354.2,4.02,5.78,2.012,19136.9,40887955.0,0.0409,166,0,72.0,3.0,30.0,1.25,14.6,2.6,12,Long
1130,2125,TORAJI,2024,20241113,20241115,3,3,24.008,114.057,23179.9,48.37,66.09,10.751,150045.6,2617842970.0,2.6178,1326,0,60.0,2.5,60.0,2.5,8.1,5.2,11,Long
1131,2127,USAGI,2024,20241115,20241116,2,2,25.12,117.424,4081.2,13.03,56.44,4.403,84351.8,456794267.0,0.4568,752,0,36.0,1.5,24.0,1.0,10.1,6.9,7,Moderate
1132,2126,MAN-YI,2024,20241118,20241120,3,3,21.387,111.858,5877.6,19.06,39.31,5.979,91733.3,676508439.0,0.6765,797,0,48.0,2.0,30.0,1.25,17.6,6.6,9,Moderate
